system:index,b1,b2,b3,.geo
0,150,216,63,"{""type"":""Point"",""coordinates"":[20.457253981572418,44.86775579796895]}"
1,42,116,141,"{""type"":""Point"",""coordinates"":[20.5631782716296,44.88237749075037]}"
2,27,90,114,"{""type"":""Point"",""coordinates"":[20.513066993530824,44.79885389964365]}"
3,38,133,141,"{""type"":""Point"",""coordinates"":[20.543917375298996,44.88188225957355]}"
4,31,153,138,"{""type"":""Point"",""coordinates"":[20.301936098471398,44.8055475327339]}"
5,36,135,141,"{""type"":""Point"",""coordinates"":[20.27885575636027,44.864531108498156]}"
6,213,211,35,"{""type"":""Point"",""coordinates"":[20.374117432492778,44.804878142273246]}"
7,36,135,141,"{""type"":""Point"",""coordinates"":[20.311304503174767,44.74946124320668]}"
8,36,146,136,"{""type"":""Point"",""coordinates"":[20.349805302573102,44.748740584452506]}"
9,233,204,39,"{""type"":""Point"",""coordinates"":[20.385105357453185,44.79734856797754]}"
10,151,216,64,"{""type"":""Point"",""coordinates"":[20.452934695455077,44.86408200591707]}"
11,158,150,21,"{""type"":""Point"",""coordinates"":[20.365578145777626,44.84043912365805]}"
12,42,117,141,"{""type"":""Point"",""coordinates"":[20.424135543626672,44.891905907105794]}"
13,31,153,138,"{""type"":""Point"",""coordinates"":[20.3004609206038,44.76525804823146]}"
14,53,97,142,"{""type"":""Point"",""coordinates"":[20.567190003818155,44.78073975633343]}"
15,39,132,140,"{""type"":""Point"",""coordinates"":[20.532897426300636,44.87303347498276]}"
16,36,135,141,"{""type"":""Point"",""coordinates"":[20.319081021119842,44.820143682498966]}"
17,43,116,141,"{""type"":""Point"",""coordinates"":[20.279575873088397,44.746274153304675]}"
18,57,92,136,"{""type"":""Point"",""coordinates"":[20.54984041165462,44.74400756450009]}"
19,150,216,62,"{""type"":""Point"",""coordinates"":[20.506870045082817,44.77503711495305]}"
20,35,153,145,"{""type"":""Point"",""coordinates"":[20.35299790469798,44.881649953924374]}"
21,36,135,141,"{""type"":""Point"",""coordinates"":[20.334421888631187,44.76442194513428]}"
22,206,195,40,"{""type"":""Point"",""coordinates"":[20.381369627367555,44.8457151250557]}"
23,225,214,35,"{""type"":""Point"",""coordinates"":[20.351688240934358,44.84219208437908]}"
24,254,254,255,"{""type"":""Point"",""coordinates"":[20.28830199165885,44.747476987055485]}"
25,36,135,141,"{""type"":""Point"",""coordinates"":[20.44848897031813,44.856986823692054]}"
26,43,111,137,"{""type"":""Point"",""coordinates"":[20.46380577432455,44.738343602801365]}"
27,75,189,106,"{""type"":""Point"",""coordinates"":[20.57234382004337,44.81000104352096]}"
28,36,135,141,"{""type"":""Point"",""coordinates"":[20.334504452001525,44.8362329852926]}"
29,36,135,141,"{""type"":""Point"",""coordinates"":[20.34877503236747,44.82649697495445]}"
30,39,133,142,"{""type"":""Point"",""coordinates"":[20.4835705903203,44.88408303965096]}"
31,70,190,111,"{""type"":""Point"",""coordinates"":[20.361430711512543,44.8208072506795]}"
32,69,1,84,"{""type"":""Point"",""coordinates"":[20.502182066106442,44.85790448687786]}"
33,178,177,15,"{""type"":""Point"",""coordinates"":[20.411663149180914,44.76408253915779]}"
34,36,135,141,"{""type"":""Point"",""coordinates"":[20.450851669971026,44.85947971979636]}"
35,227,128,37,"{""type"":""Point"",""coordinates"":[20.47603843697151,44.822278919266054]}"
36,132,219,83,"{""type"":""Point"",""coordinates"":[20.370030814780087,44.73602420957686]}"
37,70,0,86,"{""type"":""Point"",""coordinates"":[20.50655501698832,44.824538643934176]}"
38,123,210,78,"{""type"":""Point"",""coordinates"":[20.448549650950476,44.793078587323414]}"
39,213,202,35,"{""type"":""Point"",""coordinates"":[20.480114358060366,44.84930946776028]}"
40,218,215,34,"{""type"":""Point"",""coordinates"":[20.523520445518603,44.812083285451145]}"
41,92,194,125,"{""type"":""Point"",""coordinates"":[20.29101186093482,44.81322446914986]}"
42,70,169,108,"{""type"":""Point"",""coordinates"":[20.49678947836653,44.75205728263543]}"
43,199,235,222,"{""type"":""Point"",""coordinates"":[20.549482399092316,44.740374500710274]}"
44,36,135,141,"{""type"":""Point"",""coordinates"":[20.295165393923167,44.84796097038677]}"
45,36,172,131,"{""type"":""Point"",""coordinates"":[20.52441295091073,44.74101707235562]}"
46,69,1,84,"{""type"":""Point"",""coordinates"":[20.352155683080618,44.769411963901895]}"
47,37,135,142,"{""type"":""Point"",""coordinates"":[20.334610900125465,44.84617475729735]}"
48,190,220,222,"{""type"":""Point"",""coordinates"":[20.337713850778083,44.88460343305219]}"
49,38,146,79,"{""type"":""Point"",""coordinates"":[20.507072559674203,44.76069407213689]}"
50,59,81,136,"{""type"":""Point"",""coordinates"":[20.563886344796085,44.816276560085036]}"
51,149,211,75,"{""type"":""Point"",""coordinates"":[20.4212360179895,44.75456275027232]}"
52,36,135,141,"{""type"":""Point"",""coordinates"":[20.53749798142929,44.8625025547202]}"
53,105,203,92,"{""type"":""Point"",""coordinates"":[20.550283436201827,44.756809289868876]}"
54,37,118,139,"{""type"":""Point"",""coordinates"":[20.385029929139158,44.766588126968344]}"
55,31,156,140,"{""type"":""Point"",""coordinates"":[20.35513816706191,44.82537191965844]}"
56,225,126,43,"{""type"":""Point"",""coordinates"":[20.472790437699192,44.81936617735827]}"
57,30,155,138,"{""type"":""Point"",""coordinates"":[20.34784079845753,44.75799980716952]}"
58,48,167,127,"{""type"":""Point"",""coordinates"":[20.28192651190209,44.80142681631724]}"
59,69,1,84,"{""type"":""Point"",""coordinates"":[20.44141807551788,44.82406736867902]}"
60,64,75,137,"{""type"":""Point"",""coordinates"":[20.547421752367242,44.74670725154815]}"
61,162,152,13,"{""type"":""Point"",""coordinates"":[20.36468286314958,44.84253833583291]}"
62,100,106,55,"{""type"":""Point"",""coordinates"":[20.39867990369034,44.854325068194434]}"
63,36,135,141,"{""type"":""Point"",""coordinates"":[20.282630237214935,44.73652993081483]}"
64,36,135,141,"{""type"":""Point"",""coordinates"":[20.333185760570835,44.772860533428535]}"
65,225,215,30,"{""type"":""Point"",""coordinates"":[20.459503909058657,44.87573854742772]}"
66,36,135,141,"{""type"":""Point"",""coordinates"":[20.303186005129252,44.7709513568031]}"
67,102,202,88,"{""type"":""Point"",""coordinates"":[20.423096381155908,44.73438210232202]}"
68,36,135,141,"{""type"":""Point"",""coordinates"":[20.302312908153485,44.84508638448167]}"
69,36,135,141,"{""type"":""Point"",""coordinates"":[20.306214719741526,44.82573212180039]}"
70,36,135,141,"{""type"":""Point"",""coordinates"":[20.282048546241562,44.81245358203235]}"
71,65,1,87,"{""type"":""Point"",""coordinates"":[20.52105894205423,44.82337386333633]}"
72,69,1,84,"{""type"":""Point"",""coordinates"":[20.50290174431858,44.82656284203348]}"
73,120,167,44,"{""type"":""Point"",""coordinates"":[20.522336639969566,44.77435281062098]}"
74,72,172,119,"{""type"":""Point"",""coordinates"":[20.489640502270298,44.74487087444208]}"
75,106,201,96,"{""type"":""Point"",""coordinates"":[20.307426616935654,44.88658911538913]}"
76,224,214,29,"{""type"":""Point"",""coordinates"":[20.435193520226772,44.83245024770597]}"
77,42,116,141,"{""type"":""Point"",""coordinates"":[20.562482511753856,44.882960396195855]}"
78,246,143,40,"{""type"":""Point"",""coordinates"":[20.451751210309464,44.808454222241245]}"
79,36,135,141,"{""type"":""Point"",""coordinates"":[20.343999606330094,44.81758547991786]}"
80,42,116,141,"{""type"":""Point"",""coordinates"":[20.558485964093247,44.830821379472894]}"
81,36,135,141,"{""type"":""Point"",""coordinates"":[20.34608033499219,44.743465085473346]}"
82,112,167,39,"{""type"":""Point"",""coordinates"":[20.444759960321605,44.77936223370045]}"
83,36,135,141,"{""type"":""Point"",""coordinates"":[20.344859571071826,44.74563630901966]}"
84,40,170,128,"{""type"":""Point"",""coordinates"":[20.502704949112626,44.74470522876989]}"
85,36,135,141,"{""type"":""Point"",""coordinates"":[20.368543407108454,44.7408372689463]}"
86,36,135,141,"{""type"":""Point"",""coordinates"":[20.30894095060386,44.74457511703104]}"
87,107,203,92,"{""type"":""Point"",""coordinates"":[20.31993532897425,44.79417704273431]}"
88,42,116,141,"{""type"":""Point"",""coordinates"":[20.569493428843142,44.88711028085936]}"
89,69,1,84,"{""type"":""Point"",""coordinates"":[20.548140864312618,44.837459586654674]}"
90,222,213,48,"{""type"":""Point"",""coordinates"":[20.407665440545905,44.80481215606368]}"
91,43,150,128,"{""type"":""Point"",""coordinates"":[20.289742944304013,44.889514896348444]}"
92,36,135,141,"{""type"":""Point"",""coordinates"":[20.556746251942595,44.87658578368772]}"
93,125,206,79,"{""type"":""Point"",""coordinates"":[20.446157478600025,44.81131703554228]}"
94,37,172,131,"{""type"":""Point"",""coordinates"":[20.535674044279126,44.747428140896375]}"
95,93,169,69,"{""type"":""Point"",""coordinates"":[20.458832267512825,44.776394283787425]}"
96,36,135,141,"{""type"":""Point"",""coordinates"":[20.318947979533707,44.791887300583205]}"
97,53,97,142,"{""type"":""Point"",""coordinates"":[20.46738364895049,44.738235116913444]}"
98,32,136,146,"{""type"":""Point"",""coordinates"":[20.485761873966517,44.86178197370599]}"
99,76,177,117,"{""type"":""Point"",""coordinates"":[20.47257358066153,44.76060847433552]}"
100,62,79,119,"{""type"":""Point"",""coordinates"":[20.531398758435135,44.753643427615266]}"
101,36,135,141,"{""type"":""Point"",""coordinates"":[20.347416618894233,44.82929966826345]}"
102,61,179,110,"{""type"":""Point"",""coordinates"":[20.54635611542877,44.77538448451054]}"
103,37,134,143,"{""type"":""Point"",""coordinates"":[20.279915882089846,44.8226242990563]}"
104,36,135,141,"{""type"":""Point"",""coordinates"":[20.299371259097295,44.76282745324668]}"
105,36,135,141,"{""type"":""Point"",""coordinates"":[20.28308932699208,44.846935576963965]}"
106,100,164,21,"{""type"":""Point"",""coordinates"":[20.41862164070914,44.76598006993888]}"
107,64,187,114,"{""type"":""Point"",""coordinates"":[20.457455374967378,44.73139978370463]}"
108,46,149,85,"{""type"":""Point"",""coordinates"":[20.54647879206535,44.78615639443163]}"
109,38,134,139,"{""type"":""Point"",""coordinates"":[20.301553434931865,44.88179026604902]}"
110,37,134,140,"{""type"":""Point"",""coordinates"":[20.441849489761765,44.75711591494593]}"
111,68,3,85,"{""type"":""Point"",""coordinates"":[20.446273654787287,44.8297318661516]}"
112,104,203,93,"{""type"":""Point"",""coordinates"":[20.539501177989777,44.789232338669414]}"
113,36,135,141,"{""type"":""Point"",""coordinates"":[20.4807253867826,44.88810290870907]}"
114,36,135,141,"{""type"":""Point"",""coordinates"":[20.43210122778281,44.86824642383467]}"
115,69,1,84,"{""type"":""Point"",""coordinates"":[20.558856504019488,44.844007616467806]}"
116,228,215,32,"{""type"":""Point"",""coordinates"":[20.373772998594266,44.800661971528854]}"
117,36,135,141,"{""type"":""Point"",""coordinates"":[20.282619378804537,44.80411163428091]}"
118,246,143,48,"{""type"":""Point"",""coordinates"":[20.41624032536556,44.82800397662051]}"
119,109,197,100,"{""type"":""Point"",""coordinates"":[20.41585135395091,44.744864552762515]}"
120,152,217,65,"{""type"":""Point"",""coordinates"":[20.35233305101494,44.833066949872105]}"
121,216,233,199,"{""type"":""Point"",""coordinates"":[20.3391372590704,44.88555728490032]}"
122,151,215,68,"{""type"":""Point"",""coordinates"":[20.501080105017287,44.84585114621262]}"
123,221,213,25,"{""type"":""Point"",""coordinates"":[20.393804322508576,44.84791268423441]}"
124,123,183,63,"{""type"":""Point"",""coordinates"":[20.336942623070577,44.85601584299268]}"
125,36,135,141,"{""type"":""Point"",""coordinates"":[20.345351855435506,44.74609820974221]}"
126,71,186,109,"{""type"":""Point"",""coordinates"":[20.460808140268416,44.75356321183841]}"
127,36,135,141,"{""type"":""Point"",""coordinates"":[20.400165571969556,44.868675047762686]}"
128,176,165,20,"{""type"":""Point"",""coordinates"":[20.512307019328674,44.81469113019368]}"
129,36,135,141,"{""type"":""Point"",""coordinates"":[20.34256650408292,44.781999226671495]}"
130,40,134,143,"{""type"":""Point"",""coordinates"":[20.40869384849833,44.890271762735686]}"
131,33,174,131,"{""type"":""Point"",""coordinates"":[20.5138975876895,44.745207036825555]}"
132,36,135,141,"{""type"":""Point"",""coordinates"":[20.301876242162397,44.75150048251864]}"
133,220,211,43,"{""type"":""Point"",""coordinates"":[20.406496568704778,44.815605190168974]}"
134,178,171,36,"{""type"":""Point"",""coordinates"":[20.472597047787186,44.793289896820504]}"
135,69,0,78,"{""type"":""Point"",""coordinates"":[20.391285829289433,44.79050619242871]}"
136,61,77,137,"{""type"":""Point"",""coordinates"":[20.56604915978813,44.82077920107937]}"
137,55,87,136,"{""type"":""Point"",""coordinates"":[20.554797776359873,44.782496921770495]}"
138,36,135,141,"{""type"":""Point"",""coordinates"":[20.323243610823134,44.88956739918275]}"
139,226,215,42,"{""type"":""Point"",""coordinates"":[20.391926582310195,44.851358272850995]}"
140,36,135,141,"{""type"":""Point"",""coordinates"":[20.55109402709971,44.86629444309295]}"
141,153,216,59,"{""type"":""Point"",""coordinates"":[20.315838225250367,44.86519789952958]}"
142,53,97,142,"{""type"":""Point"",""coordinates"":[20.560909931606155,44.73427167309993]}"
143,72,182,114,"{""type"":""Point"",""coordinates"":[20.403927582055644,44.78467444167655]}"
144,32,155,137,"{""type"":""Point"",""coordinates"":[20.521481372015717,44.85257971963789]}"
145,102,180,89,"{""type"":""Point"",""coordinates"":[20.457714758064927,44.76932585383859]}"
146,36,135,141,"{""type"":""Point"",""coordinates"":[20.28563951871083,44.803880312927056]}"
147,199,109,14,"{""type"":""Point"",""coordinates"":[20.424339761139684,44.812897880934266]}"
148,206,198,34,"{""type"":""Point"",""coordinates"":[20.388354943532015,44.853769325748345]}"
149,53,97,141,"{""type"":""Point"",""coordinates"":[20.401298766379366,44.73265487666265]}"
150,8,110,77,"{""type"":""Point"",""coordinates"":[20.44938636084388,44.75864843270892]}"
151,30,155,139,"{""type"":""Point"",""coordinates"":[20.34252210178431,44.87582469901883]}"
152,69,1,84,"{""type"":""Point"",""coordinates"":[20.520697711374087,44.82551483105734]}"
153,170,159,15,"{""type"":""Point"",""coordinates"":[20.458341654211058,44.7977262672788]}"
154,135,217,87,"{""type"":""Point"",""coordinates"":[20.379970669734416,44.85316028192571]}"
155,166,157,8,"{""type"":""Point"",""coordinates"":[20.487162319191427,44.794546734747456]}"
156,36,135,141,"{""type"":""Point"",""coordinates"":[20.281130777948047,44.75831015013979]}"
157,70,181,108,"{""type"":""Point"",""coordinates"":[20.340477446555163,44.874963957223535]}"
158,36,135,141,"{""type"":""Point"",""coordinates"":[20.349191539166096,44.77587458193864]}"
159,176,214,51,"{""type"":""Point"",""coordinates"":[20.458377083361643,44.88295740845271]}"
160,39,133,140,"{""type"":""Point"",""coordinates"":[20.446432696050685,44.885350616184446]}"
161,36,135,141,"{""type"":""Point"",""coordinates"":[20.336159849994434,44.812770623482564]}"
162,36,135,141,"{""type"":""Point"",""coordinates"":[20.28492228912668,44.757318623362345]}"
163,28,111,122,"{""type"":""Point"",""coordinates"":[20.46207003095126,44.74090439821015]}"
164,36,135,141,"{""type"":""Point"",""coordinates"":[20.30870845210931,44.738643397364875]}"
165,79,155,69,"{""type"":""Point"",""coordinates"":[20.498891488315753,44.78111725538044]}"
166,36,135,141,"{""type"":""Point"",""coordinates"":[20.3988116548455,44.76111807855127]}"
167,36,135,141,"{""type"":""Point"",""coordinates"":[20.504477661286195,44.879454579558136]}"
168,254,142,34,"{""type"":""Point"",""coordinates"":[20.455394721451217,44.81545144498223]}"
169,36,134,142,"{""type"":""Point"",""coordinates"":[20.328624776428576,44.835791535107525]}"
170,42,57,113,"{""type"":""Point"",""coordinates"":[20.557414818439316,44.788053123673244]}"
171,69,1,84,"{""type"":""Point"",""coordinates"":[20.52780409428938,44.82731442251375]}"
172,36,135,140,"{""type"":""Point"",""coordinates"":[20.302519550932054,44.809377921625824]}"
173,207,218,54,"{""type"":""Point"",""coordinates"":[20.34539686694533,44.88970925135744]}"
174,64,188,115,"{""type"":""Point"",""coordinates"":[20.42942404577928,44.744623232559164]}"
175,99,206,99,"{""type"":""Point"",""coordinates"":[20.54378748873982,44.76772268832123]}"
176,143,196,75,"{""type"":""Point"",""coordinates"":[20.496607055842336,44.7887908052922]}"
177,35,144,141,"{""type"":""Point"",""coordinates"":[20.379664515852756,44.87017679261924]}"
178,69,1,84,"{""type"":""Point"",""coordinates"":[20.431220551457457,44.839280323254805]}"
179,152,189,72,"{""type"":""Point"",""coordinates"":[20.496490632454222,44.77957235579574]}"
180,35,136,141,"{""type"":""Point"",""coordinates"":[20.42850914553457,44.882146615976815]}"
181,36,135,141,"{""type"":""Point"",""coordinates"":[20.425135551815607,44.86693569900341]}"
182,106,160,23,"{""type"":""Point"",""coordinates"":[20.393155396658834,44.74098412743346]}"
183,30,153,138,"{""type"":""Point"",""coordinates"":[20.286797311940752,44.77995086601988]}"
184,229,205,40,"{""type"":""Point"",""coordinates"":[20.468528876339686,44.79304387413547]}"
185,37,148,142,"{""type"":""Point"",""coordinates"":[20.28637019808151,44.77443596982018]}"
186,149,217,64,"{""type"":""Point"",""coordinates"":[20.413390064827272,44.85768304107567]}"
187,36,135,141,"{""type"":""Point"",""coordinates"":[20.560336338836937,44.87151462741068]}"
188,108,202,97,"{""type"":""Point"",""coordinates"":[20.421727098451818,44.741400765878446]}"
189,251,253,255,"{""type"":""Point"",""coordinates"":[20.29232770219092,44.77233092917188]}"
190,49,99,145,"{""type"":""Point"",""coordinates"":[20.538774483871304,44.73860273983938]}"
191,37,134,141,"{""type"":""Point"",""coordinates"":[20.34365913956501,44.752868055181615]}"
192,36,135,141,"{""type"":""Point"",""coordinates"":[20.555349677309028,44.8608859954055]}"
193,224,214,29,"{""type"":""Point"",""coordinates"":[20.29141751096999,44.819254093863684]}"
194,240,195,52,"{""type"":""Point"",""coordinates"":[20.415398105443714,44.829363948923486]}"
195,36,135,141,"{""type"":""Point"",""coordinates"":[20.344523800173803,44.81979798244978]}"
196,42,129,139,"{""type"":""Point"",""coordinates"":[20.296032048294368,44.76112753263814]}"
197,160,213,70,"{""type"":""Point"",""coordinates"":[20.485994435780007,44.76682602149992]}"
198,243,142,43,"{""type"":""Point"",""coordinates"":[20.456502216334414,44.80555300464882]}"
199,21,104,98,"{""type"":""Point"",""coordinates"":[20.37509960683717,44.82094382124951]}"
200,36,135,141,"{""type"":""Point"",""coordinates"":[20.321284181630336,44.85758753390744]}"
201,36,135,141,"{""type"":""Point"",""coordinates"":[20.330268143854333,44.85320701609104]}"
202,36,135,141,"{""type"":""Point"",""coordinates"":[20.304935679188812,44.8733395943338]}"
203,36,135,141,"{""type"":""Point"",""coordinates"":[20.339501315556543,44.76264243322163]}"
204,184,88,7,"{""type"":""Point"",""coordinates"":[20.45328622129584,44.802969056982946]}"
205,69,1,84,"{""type"":""Point"",""coordinates"":[20.450437223205736,44.83405315264106]}"
206,115,212,87,"{""type"":""Point"",""coordinates"":[20.446197776526926,44.75407384351157]}"
207,104,202,94,"{""type"":""Point"",""coordinates"":[20.519059195406527,44.76678157860941]}"
208,49,111,144,"{""type"":""Point"",""coordinates"":[20.569118669124297,44.73414805445899]}"
209,151,218,61,"{""type"":""Point"",""coordinates"":[20.30739166316349,44.79581585585041]}"
210,157,206,71,"{""type"":""Point"",""coordinates"":[20.505043878778466,44.7915112001904]}"
211,56,174,102,"{""type"":""Point"",""coordinates"":[20.491538521431867,44.75600898766737]}"
212,114,149,21,"{""type"":""Point"",""coordinates"":[20.393629648062465,44.81992747858097]}"
213,69,1,84,"{""type"":""Point"",""coordinates"":[20.54053479128763,44.833300465519265]}"
214,38,151,136,"{""type"":""Point"",""coordinates"":[20.36645348607813,44.78419334227818]}"
215,99,154,25,"{""type"":""Point"",""coordinates"":[20.414862035262985,44.767324730639594]}"
216,137,140,8,"{""type"":""Point"",""coordinates"":[20.372284649590405,44.79878257807678]}"
217,36,135,141,"{""type"":""Point"",""coordinates"":[20.4177400149658,44.86494045793527]}"
218,47,154,113,"{""type"":""Point"",""coordinates"":[20.477790469009786,44.83315796935712]}"
219,225,207,50,"{""type"":""Point"",""coordinates"":[20.38801689218895,44.78184117632235]}"
220,157,214,62,"{""type"":""Point"",""coordinates"":[20.493553834847443,44.78577487902108]}"
221,62,76,139,"{""type"":""Point"",""coordinates"":[20.5138679473722,44.75778273931691]}"
222,32,153,149,"{""type"":""Point"",""coordinates"":[20.354953494382578,44.87461126755634]}"
223,69,183,120,"{""type"":""Point"",""coordinates"":[20.48311671822841,44.73531260390921]}"
224,36,135,141,"{""type"":""Point"",""coordinates"":[20.299573072329625,44.7872040088087]}"
225,114,119,8,"{""type"":""Point"",""coordinates"":[20.449686257457103,44.75769520611119]}"
226,182,185,53,"{""type"":""Point"",""coordinates"":[20.47972129260741,44.84233076032957]}"
227,42,116,142,"{""type"":""Point"",""coordinates"":[20.552502329810483,44.84481766337231]}"
228,218,214,33,"{""type"":""Point"",""coordinates"":[20.402668437298516,44.82045925547049]}"
229,112,165,51,"{""type"":""Point"",""coordinates"":[20.49226673411987,44.7739533439241]}"
230,35,132,142,"{""type"":""Point"",""coordinates"":[20.458840902725406,44.73854088272395]}"
231,69,1,84,"{""type"":""Point"",""coordinates"":[20.373642174937643,44.78505457077399]}"
232,97,157,24,"{""type"":""Point"",""coordinates"":[20.40784626256264,44.75669511276107]}"
233,69,1,84,"{""type"":""Point"",""coordinates"":[20.368075024486696,44.87692841577405]}"
234,29,154,134,"{""type"":""Point"",""coordinates"":[20.319929242116576,44.78345568610268]}"
235,37,133,146,"{""type"":""Point"",""coordinates"":[20.422714279845316,44.85109278655276]}"
236,228,211,31,"{""type"":""Point"",""coordinates"":[20.39238174503726,44.82187664177762]}"
237,42,116,142,"{""type"":""Point"",""coordinates"":[20.572018466906147,44.87504259311007]}"
238,108,204,84,"{""type"":""Point"",""coordinates"":[20.535568675601468,44.88751299817878]}"
239,61,77,137,"{""type"":""Point"",""coordinates"":[20.554535816838683,44.790571239879355]}"
240,0,0,0,"{""type"":""Point"",""coordinates"":[20.276941837561324,44.88199341795622]}"
241,40,139,142,"{""type"":""Point"",""coordinates"":[20.280303541327136,44.88949875387707]}"
242,35,136,141,"{""type"":""Point"",""coordinates"":[20.386501767640212,44.88724661789506]}"
243,104,206,84,"{""type"":""Point"",""coordinates"":[20.33171239122076,44.790283371737644]}"
244,69,1,84,"{""type"":""Point"",""coordinates"":[20.49441977830501,44.86936509812974]}"
245,199,191,35,"{""type"":""Point"",""coordinates"":[20.46035457543239,44.79552634650268]}"
246,130,177,64,"{""type"":""Point"",""coordinates"":[20.50136865560828,44.7837852692335]}"
247,36,136,143,"{""type"":""Point"",""coordinates"":[20.47976631255428,44.8650474352621]}"
248,53,97,142,"{""type"":""Point"",""coordinates"":[20.464815711648892,44.74282811825163]}"
249,150,216,67,"{""type"":""Point"",""coordinates"":[20.36604149464206,44.8269037198904]}"
250,31,153,138,"{""type"":""Point"",""coordinates"":[20.290152615860023,44.78378409189282]}"
251,36,135,141,"{""type"":""Point"",""coordinates"":[20.502358964817127,44.87510819104774]}"
252,36,135,140,"{""type"":""Point"",""coordinates"":[20.448613785172554,44.8543680908356]}"
253,159,152,11,"{""type"":""Point"",""coordinates"":[20.35408324886321,44.806483168430155]}"
254,69,1,84,"{""type"":""Point"",""coordinates"":[20.565686958412645,44.84568626232329]}"
255,82,184,101,"{""type"":""Point"",""coordinates"":[20.3210948846687,44.86229449172649]}"
256,224,242,197,"{""type"":""Point"",""coordinates"":[20.375124518222698,44.885503967677955]}"
257,0,0,0,"{""type"":""Point"",""coordinates"":[20.572853459085742,44.81896614529071]}"
258,223,210,40,"{""type"":""Point"",""coordinates"":[20.46211178509924,44.79810969394012]}"
259,36,135,141,"{""type"":""Point"",""coordinates"":[20.301391760640893,44.826608199735375]}"
260,176,210,37,"{""type"":""Point"",""coordinates"":[20.359831804222964,44.80081223458546]}"
261,40,129,144,"{""type"":""Point"",""coordinates"":[20.39038586082925,44.756384721745114]}"
262,225,215,30,"{""type"":""Point"",""coordinates"":[20.46144621828967,44.872787160030036]}"
263,36,135,141,"{""type"":""Point"",""coordinates"":[20.279019525230005,44.88165047986474]}"
264,37,135,143,"{""type"":""Point"",""coordinates"":[20.354074876910207,44.7465979169679]}"
265,46,115,143,"{""type"":""Point"",""coordinates"":[20.429845634093056,44.85512848577384]}"
266,45,158,135,"{""type"":""Point"",""coordinates"":[20.533547940365754,44.74229335383507]}"
267,31,138,78,"{""type"":""Point"",""coordinates"":[20.484042779165634,44.735648715662336]}"
268,220,216,40,"{""type"":""Point"",""coordinates"":[20.323415026867153,44.795388686519004]}"
269,58,191,114,"{""type"":""Point"",""coordinates"":[20.39309926631299,44.782320117184156]}"
270,36,135,141,"{""type"":""Point"",""coordinates"":[20.545986817839523,44.86753457356901]}"
271,119,206,73,"{""type"":""Point"",""coordinates"":[20.332748457466266,44.87835242933012]}"
272,166,212,57,"{""type"":""Point"",""coordinates"":[20.409677828575465,44.75538155261841]}"
273,150,137,11,"{""type"":""Point"",""coordinates"":[20.370534365912043,44.85482096857628]}"
274,34,137,139,"{""type"":""Point"",""coordinates"":[20.467929776366677,44.86368598170294]}"
275,42,116,141,"{""type"":""Point"",""coordinates"":[20.569129616852408,44.86751387313976]}"
276,150,217,63,"{""type"":""Point"",""coordinates"":[20.337998617844555,44.79401433147935]}"
277,122,207,73,"{""type"":""Point"",""coordinates"":[20.310533975256472,44.815178529412414]}"
278,42,116,141,"{""type"":""Point"",""coordinates"":[20.551158859587417,44.884133056240834]}"
279,47,101,139,"{""type"":""Point"",""coordinates"":[20.494136567128425,44.731425120834615]}"
280,34,137,139,"{""type"":""Point"",""coordinates"":[20.51555600811432,44.831961574777885]}"
281,42,117,141,"{""type"":""Point"",""coordinates"":[20.53603078921162,44.87629811839993]}"
282,36,135,141,"{""type"":""Point"",""coordinates"":[20.33580152023879,44.741243239809535]}"
283,42,116,141,"{""type"":""Point"",""coordinates"":[20.51532744814491,44.89243365407491]}"
284,58,140,82,"{""type"":""Point"",""coordinates"":[20.35617651324764,44.74928015626194]}"
285,37,135,140,"{""type"":""Point"",""coordinates"":[20.535348836866145,44.84060215128643]}"
286,100,183,88,"{""type"":""Point"",""coordinates"":[20.347655563612992,44.849724882250364]}"
287,36,135,141,"{""type"":""Point"",""coordinates"":[20.334223871141837,44.838682874395325]}"
288,60,94,141,"{""type"":""Point"",""coordinates"":[20.55400685625596,44.808761895760554]}"
289,82,178,122,"{""type"":""Point"",""coordinates"":[20.465916633952318,44.734929300363234]}"
290,31,153,138,"{""type"":""Point"",""coordinates"":[20.31874611026478,44.832323145462524]}"
291,183,106,22,"{""type"":""Point"",""coordinates"":[20.401188922713633,44.81642487305829]}"
292,152,203,75,"{""type"":""Point"",""coordinates"":[20.507642267038715,44.790670596497016]}"
293,37,143,130,"{""type"":""Point"",""coordinates"":[20.470431976655583,44.85993686970766]}"
294,224,243,196,"{""type"":""Point"",""coordinates"":[20.36380941602823,44.883321665173796]}"
295,221,218,30,"{""type"":""Point"",""coordinates"":[20.475379722717523,44.84801577472558]}"
296,43,116,142,"{""type"":""Point"",""coordinates"":[20.398905880011192,44.86407651199576]}"
297,88,183,106,"{""type"":""Point"",""coordinates"":[20.452596996781473,44.734715016016835]}"
298,36,142,78,"{""type"":""Point"",""coordinates"":[20.41750977171933,44.791089505504324]}"
299,37,122,127,"{""type"":""Point"",""coordinates"":[20.56243392637929,44.80462520873673]}"
300,174,166,12,"{""type"":""Point"",""coordinates"":[20.410008679978727,44.754022746831566]}"
301,45,138,111,"{""type"":""Point"",""coordinates"":[20.53571320629776,44.75692595496442]}"
302,41,116,143,"{""type"":""Point"",""coordinates"":[20.380319279524503,44.76276321976809]}"
303,29,138,70,"{""type"":""Point"",""coordinates"":[20.572315191607125,44.75807586212205]}"
304,77,158,98,"{""type"":""Point"",""coordinates"":[20.347159771763714,44.83251637058133]}"
305,34,136,140,"{""type"":""Point"",""coordinates"":[20.34821411672429,44.740936471980405]}"
306,32,153,137,"{""type"":""Point"",""coordinates"":[20.44950609301966,44.88225441133943]}"
307,36,135,141,"{""type"":""Point"",""coordinates"":[20.32372327600401,44.7519646071605]}"
308,38,170,139,"{""type"":""Point"",""coordinates"":[20.42843379264077,44.77980480220333]}"
309,147,202,77,"{""type"":""Point"",""coordinates"":[20.504529417104074,44.81272549351396]}"
310,138,213,74,"{""type"":""Point"",""coordinates"":[20.494687921395087,44.76899934698872]}"
311,30,141,138,"{""type"":""Point"",""coordinates"":[20.4308210439609,44.776732421861524]}"
312,36,135,141,"{""type"":""Point"",""coordinates"":[20.30660966272651,44.866824634565674]}"
313,36,135,141,"{""type"":""Point"",""coordinates"":[20.31581828549771,44.84638119156208]}"
314,38,136,140,"{""type"":""Point"",""coordinates"":[20.516086761291838,44.86233022042861]}"
315,42,124,140,"{""type"":""Point"",""coordinates"":[20.543496770529185,44.84344339102147]}"
316,69,1,84,"{""type"":""Point"",""coordinates"":[20.43990033739687,44.83993310466801]}"
317,151,216,64,"{""type"":""Point"",""coordinates"":[20.392260900527763,44.77812623253415]}"
318,67,3,83,"{""type"":""Point"",""coordinates"":[20.474200252723442,44.82807123540862]}"
319,36,135,141,"{""type"":""Point"",""coordinates"":[20.348029865129668,44.82879635528498]}"
320,199,113,36,"{""type"":""Point"",""coordinates"":[20.396992570313543,44.81102449710547]}"
321,151,216,64,"{""type"":""Point"",""coordinates"":[20.372559952542304,44.764339811275654]}"
322,36,135,141,"{""type"":""Point"",""coordinates"":[20.458340213415905,44.85514894573387]}"
323,37,134,143,"{""type"":""Point"",""coordinates"":[20.34877100226622,44.81127111369561]}"
324,65,185,121,"{""type"":""Point"",""coordinates"":[20.498675566770956,44.74946236204985]}"
325,53,97,142,"{""type"":""Point"",""coordinates"":[20.510406462708616,44.75242472164854]}"
326,199,188,44,"{""type"":""Point"",""coordinates"":[20.48621803399559,44.78110501935333]}"
327,7,129,88,"{""type"":""Point"",""coordinates"":[20.546310242890645,44.78804895476657]}"
328,69,1,84,"{""type"":""Point"",""coordinates"":[20.540422983890704,44.83197860458837]}"
329,188,221,220,"{""type"":""Point"",""coordinates"":[20.403488037870485,44.88671146728456]}"
330,95,185,83,"{""type"":""Point"",""coordinates"":[20.46059725066872,44.7735428705484]}"
331,36,135,141,"{""type"":""Point"",""coordinates"":[20.31005299563577,44.87186531782285]}"
332,69,0,89,"{""type"":""Point"",""coordinates"":[20.42550156859946,44.829537782828595]}"
333,36,133,145,"{""type"":""Point"",""coordinates"":[20.45660440884337,44.744438569019636]}"
334,154,202,61,"{""type"":""Point"",""coordinates"":[20.49247452942202,44.78954786406902]}"
335,112,203,77,"{""type"":""Point"",""coordinates"":[20.42520532574911,44.73532016761385]}"
336,65,155,95,"{""type"":""Point"",""coordinates"":[20.524430020662386,44.78415090561643]}"
337,129,120,6,"{""type"":""Point"",""coordinates"":[20.4896563862029,44.77784213791288]}"
338,36,135,141,"{""type"":""Point"",""coordinates"":[20.526705966070132,44.87193811971684]}"
339,35,132,140,"{""type"":""Point"",""coordinates"":[20.552446626256557,44.85225483260341]}"
340,35,134,143,"{""type"":""Point"",""coordinates"":[20.491724024113893,44.850392888240556]}"
341,36,135,141,"{""type"":""Point"",""coordinates"":[20.28194226782469,44.757586915239315]}"
342,226,214,32,"{""type"":""Point"",""coordinates"":[20.39130464568272,44.83617857903783]}"
343,154,214,65,"{""type"":""Point"",""coordinates"":[20.49676952714024,44.88222591385421]}"
344,37,135,142,"{""type"":""Point"",""coordinates"":[20.535983074932474,44.86903467320685]}"
345,44,102,139,"{""type"":""Point"",""coordinates"":[20.556264880285813,44.821919326931045]}"
346,71,1,81,"{""type"":""Point"",""coordinates"":[20.39916395978853,44.78556911987269]}"
347,151,216,65,"{""type"":""Point"",""coordinates"":[20.438145087410945,44.843917928484316]}"
348,61,77,137,"{""type"":""Point"",""coordinates"":[20.564038175104592,44.77405410755139]}"
349,139,71,19,"{""type"":""Point"",""coordinates"":[20.407413013029597,44.80564892359415]}"
350,219,213,51,"{""type"":""Point"",""coordinates"":[20.516666422552575,44.812313076340395]}"
351,61,77,137,"{""type"":""Point"",""coordinates"":[20.570006630582903,44.790452393346435]}"
352,74,179,116,"{""type"":""Point"",""coordinates"":[20.524072931634148,44.78334449090386]}"
353,36,135,141,"{""type"":""Point"",""coordinates"":[20.306399529947143,44.767629869554845]}"
354,36,135,141,"{""type"":""Point"",""coordinates"":[20.280775964328697,44.87108778239831]}"
355,134,121,0,"{""type"":""Point"",""coordinates"":[20.38519144925546,44.81449695364196]}"
356,53,97,142,"{""type"":""Point"",""coordinates"":[20.56466609013737,44.7837101920196]}"
357,159,208,73,"{""type"":""Point"",""coordinates"":[20.365180248655868,44.83879189677648]}"
358,223,218,21,"{""type"":""Point"",""coordinates"":[20.37319522635023,44.773500326300024]}"
359,36,135,141,"{""type"":""Point"",""coordinates"":[20.44245219470909,44.8812963736425]}"
360,40,164,135,"{""type"":""Point"",""coordinates"":[20.29095364767265,44.756032580444945]}"
361,249,170,8,"{""type"":""Point"",""coordinates"":[20.289069515472104,44.77449351096976]}"
362,223,217,26,"{""type"":""Point"",""coordinates"":[20.406003304828207,44.762115355225916]}"
363,36,134,141,"{""type"":""Point"",""coordinates"":[20.486137127758173,44.8598119709781]}"
364,36,135,141,"{""type"":""Point"",""coordinates"":[20.29038538647239,44.85235707771304]}"
365,254,142,40,"{""type"":""Point"",""coordinates"":[20.496457955832536,44.82032780188899]}"
366,72,1,81,"{""type"":""Point"",""coordinates"":[20.482064821750637,44.82743611324545]}"
367,34,137,140,"{""type"":""Point"",""coordinates"":[20.311963909116294,44.80617247348613]}"
368,233,215,43,"{""type"":""Point"",""coordinates"":[20.406979197107997,44.779019155398295]}"
369,156,219,58,"{""type"":""Point"",""coordinates"":[20.404104095202996,44.86026016786972]}"
370,49,100,140,"{""type"":""Point"",""coordinates"":[20.536710751070387,44.735172041090316]}"
371,42,117,136,"{""type"":""Point"",""coordinates"":[20.380423049756295,44.76279894978784]}"
372,232,133,37,"{""type"":""Point"",""coordinates"":[20.418974844661687,44.8224682219899]}"
373,36,135,141,"{""type"":""Point"",""coordinates"":[20.477626496308986,44.88902265415033]}"
374,183,169,33,"{""type"":""Point"",""coordinates"":[20.40179454156489,44.749222715514556]}"
375,36,135,141,"{""type"":""Point"",""coordinates"":[20.302397259861014,44.73567813150657]}"
376,98,208,97,"{""type"":""Point"",""coordinates"":[20.393297196292288,44.821596248694945]}"
377,221,214,54,"{""type"":""Point"",""coordinates"":[20.396668758068362,44.840168530413436]}"
378,36,135,141,"{""type"":""Point"",""coordinates"":[20.442579961166903,44.88869141376534]}"
379,69,1,84,"{""type"":""Point"",""coordinates"":[20.41821116946699,44.848886824212244]}"
380,45,113,139,"{""type"":""Point"",""coordinates"":[20.51407912428302,44.800750586136495]}"
381,36,135,141,"{""type"":""Point"",""coordinates"":[20.479278663978892,44.890083973355594]}"
382,31,138,140,"{""type"":""Point"",""coordinates"":[20.279604468121153,44.87354600226025]}"
384,35,136,141,"{""type"":""Point"",""coordinates"":[20.446623433294857,44.865799409244715]}"
385,38,158,136,"{""type"":""Point"",""coordinates"":[20.497707216166553,44.73557462510995]}"
386,36,135,141,"{""type"":""Point"",""coordinates"":[20.3449863743311,44.81608469087734]}"
387,69,1,84,"{""type"":""Point"",""coordinates"":[20.49226285549328,44.85878862750337]}"
388,220,214,34,"{""type"":""Point"",""coordinates"":[20.384480185894876,44.79771797508095]}"
389,227,216,24,"{""type"":""Point"",""coordinates"":[20.363004910206655,44.825571760216626]}"
390,122,205,93,"{""type"":""Point"",""coordinates"":[20.39449823207771,44.745986263070954]}"
391,111,199,95,"{""type"":""Point"",""coordinates"":[20.47278674686038,44.75423450068765]}"
392,34,142,139,"{""type"":""Point"",""coordinates"":[20.281468762081868,44.822073562347065]}"
393,31,153,138,"{""type"":""Point"",""coordinates"":[20.359888294096272,44.821162686413025]}"
394,36,135,141,"{""type"":""Point"",""coordinates"":[20.37102187309623,44.75754661434785]}"
395,36,135,141,"{""type"":""Point"",""coordinates"":[20.55714730621551,44.86120606589695]}"
396,36,135,142,"{""type"":""Point"",""coordinates"":[20.50765951257857,44.886240378419295]}"
397,36,135,141,"{""type"":""Point"",""coordinates"":[20.528150083733046,44.87128884815345]}"
398,71,181,118,"{""type"":""Point"",""coordinates"":[20.540933191774187,44.7881225918987]}"
399,152,158,14,"{""type"":""Point"",""coordinates"":[20.34984569977842,44.85596017762135]}"
400,5,93,86,"{""type"":""Point"",""coordinates"":[20.543267952609426,44.73670243390983]}"
401,213,214,46,"{""type"":""Point"",""coordinates"":[20.447587325144703,44.74799727919331]}"
402,45,109,144,"{""type"":""Point"",""coordinates"":[20.565117049670125,44.80778720069267]}"
403,31,153,138,"{""type"":""Point"",""coordinates"":[20.51823646532504,44.74339145002154]}"
404,36,135,141,"{""type"":""Point"",""coordinates"":[20.32669103375717,44.844502034052745]}"
405,167,192,76,"{""type"":""Point"",""coordinates"":[20.429482416537127,44.79813726740111]}"
406,41,132,133,"{""type"":""Point"",""coordinates"":[20.439321036289677,44.85146470363573]}"
407,155,217,68,"{""type"":""Point"",""coordinates"":[20.418055425785738,44.76841602542329]}"
408,39,115,141,"{""type"":""Point"",""coordinates"":[20.469265743015054,44.735896666434954]}"
409,85,198,98,"{""type"":""Point"",""coordinates"":[20.471445847788864,44.74750106582225]}"
410,36,135,141,"{""type"":""Point"",""coordinates"":[20.558125255533387,44.8648667576718]}"
411,39,170,130,"{""type"":""Point"",""coordinates"":[20.392979947907858,44.790144621083066]}"
412,105,202,99,"{""type"":""Point"",""coordinates"":[20.417941283116342,44.77860589387038]}"
413,147,217,71,"{""type"":""Point"",""coordinates"":[20.4833322072834,44.88090536859135]}"
414,42,116,141,"{""type"":""Point"",""coordinates"":[20.558756724166795,44.880011468290334]}"
415,248,144,41,"{""type"":""Point"",""coordinates"":[20.405544123733822,44.80554733045243]}"
416,36,135,141,"{""type"":""Point"",""coordinates"":[20.29276302258826,44.87059633920781]}"
417,225,216,30,"{""type"":""Point"",""coordinates"":[20.456466879610105,44.886005447943425]}"
418,189,220,220,"{""type"":""Point"",""coordinates"":[20.299089188029768,44.88383409899343]}"
419,188,189,30,"{""type"":""Point"",""coordinates"":[20.406500944235276,44.7492530054767]}"
420,62,188,116,"{""type"":""Point"",""coordinates"":[20.459616638617216,44.73346628448004]}"
421,55,85,124,"{""type"":""Point"",""coordinates"":[20.531957904056277,44.74147700967164]}"
422,161,195,73,"{""type"":""Point"",""coordinates"":[20.313807377560774,44.886495615982355]}"
423,182,173,30,"{""type"":""Point"",""coordinates"":[20.383539213668854,44.839476310664466]}"
424,149,215,66,"{""type"":""Point"",""coordinates"":[20.38064158519494,44.76521293351717]}"
425,35,135,142,"{""type"":""Point"",""coordinates"":[20.29767145550352,44.75325732266683]}"
426,36,135,141,"{""type"":""Point"",""coordinates"":[20.3615826271147,44.752965816161854]}"
427,37,172,123,"{""type"":""Point"",""coordinates"":[20.486082961889352,44.73451307298324]}"
428,225,212,51,"{""type"":""Point"",""coordinates"":[20.474032589886466,44.80514950804373]}"
429,103,200,91,"{""type"":""Point"",""coordinates"":[20.332557662291745,44.862394850792114]}"
430,36,135,141,"{""type"":""Point"",""coordinates"":[20.335478188257625,44.77755295697205]}"
431,149,217,61,"{""type"":""Point"",""coordinates"":[20.381508492316456,44.76650437399873]}"
432,158,200,85,"{""type"":""Point"",""coordinates"":[20.285960394674134,44.89125016727282]}"
433,42,116,141,"{""type"":""Point"",""coordinates"":[20.56637141100796,44.877458085980074]}"
434,36,135,141,"{""type"":""Point"",""coordinates"":[20.289160239291714,44.866546927342654]}"
435,36,135,141,"{""type"":""Point"",""coordinates"":[20.33073428550211,44.74567238429572]}"
436,151,217,61,"{""type"":""Point"",""coordinates"":[20.333857782417514,44.80288424251342]}"
437,151,216,64,"{""type"":""Point"",""coordinates"":[20.285241459797252,44.79909170481084]}"
438,53,97,142,"{""type"":""Point"",""coordinates"":[20.568481476552588,44.78724330652854]}"
439,151,216,64,"{""type"":""Point"",""coordinates"":[20.478317615403263,44.87924435448982]}"
440,53,97,142,"{""type"":""Point"",""coordinates"":[20.46677030980112,44.74127092463244]}"
441,151,216,64,"{""type"":""Point"",""coordinates"":[20.472899696883044,44.87767426707085]}"
442,147,217,61,"{""type"":""Point"",""coordinates"":[20.294977415425524,44.791831195574524]}"
443,151,216,64,"{""type"":""Point"",""coordinates"":[20.278548354751656,44.796162406886424]}"
444,36,135,141,"{""type"":""Point"",""coordinates"":[20.337335455104608,44.84315444332084]}"
445,42,116,141,"{""type"":""Point"",""coordinates"":[20.562370589368314,44.83738403867422]}"
446,172,161,25,"{""type"":""Point"",""coordinates"":[20.508878601566742,44.816476171547365]}"
447,41,132,144,"{""type"":""Point"",""coordinates"":[20.510233340314606,44.799665061334736]}"
448,222,214,36,"{""type"":""Point"",""coordinates"":[20.35283067107085,44.85206145918404]}"
449,36,135,141,"{""type"":""Point"",""coordinates"":[20.361092201746807,44.75126717662513]}"
450,197,177,202,"{""type"":""Point"",""coordinates"":[20.356134236878496,44.88341993479826]}"
451,36,135,142,"{""type"":""Point"",""coordinates"":[20.424925278748074,44.85328027373673]}"
452,36,135,141,"{""type"":""Point"",""coordinates"":[20.316857929373487,44.77053994579861]}"
453,244,168,40,"{""type"":""Point"",""coordinates"":[20.291484309017676,44.7752984512122]}"
454,59,78,136,"{""type"":""Point"",""coordinates"":[20.51803202383712,44.75054830828889]}"
455,151,216,64,"{""type"":""Point"",""coordinates"":[20.28300828282553,44.79727825779711]}"
456,43,169,131,"{""type"":""Point"",""coordinates"":[20.528618487431494,44.754255429803735]}"
457,223,214,38,"{""type"":""Point"",""coordinates"":[20.48229896384749,44.79752484126266]}"
458,36,135,141,"{""type"":""Point"",""coordinates"":[20.299924261892315,44.85773762784289]}"
459,37,100,109,"{""type"":""Point"",""coordinates"":[20.287354476113865,44.834238031845416]}"
460,106,199,99,"{""type"":""Point"",""coordinates"":[20.293066946524252,44.821876182654044]}"
461,205,178,34,"{""type"":""Point"",""coordinates"":[20.411870749195884,44.80816895407437]}"
462,225,214,32,"{""type"":""Point"",""coordinates"":[20.438101593066364,44.83474148442862]}"
463,225,216,28,"{""type"":""Point"",""coordinates"":[20.381719532746114,44.837024351778304]}"
464,40,133,143,"{""type"":""Point"",""coordinates"":[20.508088909914402,44.88449650361198]}"
465,179,134,17,"{""type"":""Point"",""coordinates"":[20.487918075996923,44.820688289819074]}"
466,36,135,141,"{""type"":""Point"",""coordinates"":[20.450960913715235,44.861048740752814]}"
467,36,135,141,"{""type"":""Point"",""coordinates"":[20.400745313886322,44.76083121006408]}"
468,106,207,89,"{""type"":""Point"",""coordinates"":[20.570528755039582,44.87686300460911]}"
469,36,135,141,"{""type"":""Point"",""coordinates"":[20.31181786573244,44.7705823169949]}"
470,40,158,128,"{""type"":""Point"",""coordinates"":[20.447152429230613,44.78851222714819]}"
471,36,134,140,"{""type"":""Point"",""coordinates"":[20.547621925951102,44.84253078959055]}"
472,223,217,46,"{""type"":""Point"",""coordinates"":[20.465019886006157,44.84936375923872]}"
473,60,150,55,"{""type"":""Point"",""coordinates"":[20.55806341443076,44.76550463015948]}"
474,36,135,141,"{""type"":""Point"",""coordinates"":[20.320659634601373,44.80617895787583]}"
475,151,216,64,"{""type"":""Point"",""coordinates"":[20.321389750332763,44.797463293695685]}"
476,38,135,140,"{""type"":""Point"",""coordinates"":[20.29273576531306,44.76208640398736]}"
477,64,18,87,"{""type"":""Point"",""coordinates"":[20.568664579407045,44.84344639839573]}"
478,37,135,137,"{""type"":""Point"",""coordinates"":[20.365710386360576,44.73562734515306]}"
479,33,136,142,"{""type"":""Point"",""coordinates"":[20.494193443378883,44.87166314205271]}"
480,36,135,141,"{""type"":""Point"",""coordinates"":[20.32748074508258,44.8481229436494]}"
481,152,214,67,"{""type"":""Point"",""coordinates"":[20.442576249570553,44.73502856352242]}"
482,250,138,49,"{""type"":""Point"",""coordinates"":[20.41233340640619,44.83288536182017]}"
483,36,135,141,"{""type"":""Point"",""coordinates"":[20.425451798891253,44.85266054992707]}"
484,36,135,141,"{""type"":""Point"",""coordinates"":[20.494187602726473,44.89018987806431]}"
485,222,214,41,"{""type"":""Point"",""coordinates"":[20.47690346549497,44.85908110094282]}"
486,69,1,84,"{""type"":""Point"",""coordinates"":[20.529985943987764,44.82728318278196]}"
487,36,135,141,"{""type"":""Point"",""coordinates"":[20.316894314247524,44.80501391353229]}"
488,39,172,125,"{""type"":""Point"",""coordinates"":[20.45100188968289,44.759312406318045]}"
489,113,171,51,"{""type"":""Point"",""coordinates"":[20.435604701237395,44.747078613089066]}"
490,36,135,141,"{""type"":""Point"",""coordinates"":[20.421408807873075,44.88155608692215]}"
491,45,116,141,"{""type"":""Point"",""coordinates"":[20.382164120329627,44.73418340367191]}"
492,36,135,141,"{""type"":""Point"",""coordinates"":[20.296750145003244,44.77286417302551]}"
493,42,117,141,"{""type"":""Point"",""coordinates"":[20.541395327385768,44.885631500189646]}"
494,53,97,142,"{""type"":""Point"",""coordinates"":[20.571189371074933,44.816270022845394]}"
495,51,182,122,"{""type"":""Point"",""coordinates"":[20.430771978133492,44.780012043074144]}"
496,61,191,114,"{""type"":""Point"",""coordinates"":[20.410864112117693,44.793219289881215]}"
497,42,117,141,"{""type"":""Point"",""coordinates"":[20.54801189213739,44.88003137993901]}"
498,35,135,142,"{""type"":""Point"",""coordinates"":[20.310124227042333,44.83036277336995]}"
499,36,135,141,"{""type"":""Point"",""coordinates"":[20.54154367326691,44.84961859008598]}"
500,152,215,67,"{""type"":""Point"",""coordinates"":[20.350463114482512,44.8070040148053]}"
501,76,124,25,"{""type"":""Point"",""coordinates"":[20.525671177542673,44.79960913868087]}"
502,68,0,83,"{""type"":""Point"",""coordinates"":[20.346406635123685,44.76490587384966]}"
503,52,96,141,"{""type"":""Point"",""coordinates"":[20.511318859256207,44.75166439520552]}"
504,69,1,84,"{""type"":""Point"",""coordinates"":[20.362774833537923,44.874664698585136]}"
505,70,190,110,"{""type"":""Point"",""coordinates"":[20.361301652711752,44.769244105550364]}"
506,97,205,106,"{""type"":""Point"",""coordinates"":[20.562231202996273,44.75915750466827]}"
507,62,190,116,"{""type"":""Point"",""coordinates"":[20.557858252023983,44.76752856466106]}"
508,36,135,141,"{""type"":""Point"",""coordinates"":[20.547558932737065,44.865068957077476]}"
509,223,216,29,"{""type"":""Point"",""coordinates"":[20.47813791237764,44.78077638623541]}"
510,151,216,64,"{""type"":""Point"",""coordinates"":[20.31413961464884,44.795715531224445]}"
511,164,75,67,"{""type"":""Point"",""coordinates"":[20.42943076040136,44.79481183573437]}"
512,156,213,69,"{""type"":""Point"",""coordinates"":[20.289905923475352,44.79009211957944]}"
513,36,135,141,"{""type"":""Point"",""coordinates"":[20.277707716612227,44.836278031635004]}"
514,32,137,136,"{""type"":""Point"",""coordinates"":[20.517919651374346,44.853263872395026]}"
515,36,135,141,"{""type"":""Point"",""coordinates"":[20.321299471721403,44.75103808365055]}"
516,166,196,198,"{""type"":""Point"",""coordinates"":[20.411347330053506,44.88345139800593]}"
517,224,219,32,"{""type"":""Point"",""coordinates"":[20.379725625419194,44.793880297816635]}"
518,36,135,141,"{""type"":""Point"",""coordinates"":[20.50436814368873,44.87152108223821]}"
519,68,183,113,"{""type"":""Point"",""coordinates"":[20.43528557948354,44.75204725608169]}"
520,39,152,139,"{""type"":""Point"",""coordinates"":[20.528623764291652,44.74998124881489]}"
521,202,192,31,"{""type"":""Point"",""coordinates"":[20.494728586700944,44.83820709821699]}"
522,33,142,146,"{""type"":""Point"",""coordinates"":[20.53522690621038,44.8839519466207]}"
523,220,217,37,"{""type"":""Point"",""coordinates"":[20.44343034506067,44.7939876041772]}"
524,36,133,142,"{""type"":""Point"",""coordinates"":[20.296933450905573,44.73073473547401]}"
525,51,171,119,"{""type"":""Point"",""coordinates"":[20.437369967642386,44.75287979078639]}"
526,200,114,28,"{""type"":""Point"",""coordinates"":[20.462413640989435,44.792622159373934]}"
527,31,153,138,"{""type"":""Point"",""coordinates"":[20.297346513938443,44.78211307076058]}"
528,66,188,114,"{""type"":""Point"",""coordinates"":[20.4144939103107,44.791758291800626]}"
529,36,135,141,"{""type"":""Point"",""coordinates"":[20.40170545089994,44.880612685337724]}"
530,58,136,143,"{""type"":""Point"",""coordinates"":[20.38852129354455,44.882201227670784]}"
531,117,173,45,"{""type"":""Point"",""coordinates"":[20.525796469257312,44.84858576132709]}"
532,103,202,88,"{""type"":""Point"",""coordinates"":[20.364298452310262,44.82890161062533]}"
533,151,216,64,"{""type"":""Point"",""coordinates"":[20.3848642477214,44.77319641032898]}"
534,245,147,46,"{""type"":""Point"",""coordinates"":[20.42725081751165,44.808299366288836]}"
535,36,135,141,"{""type"":""Point"",""coordinates"":[20.563383393413545,44.864317286662256]}"
536,164,155,7,"{""type"":""Point"",""coordinates"":[20.40426027131551,44.81905673355373]}"
537,114,202,77,"{""type"":""Point"",""coordinates"":[20.318906527194255,44.811682979832405]}"
538,69,1,84,"{""type"":""Point"",""coordinates"":[20.36788825953122,44.87457332940732]}"
539,36,135,141,"{""type"":""Point"",""coordinates"":[20.305913051930688,44.825453995950205]}"
540,36,135,141,"{""type"":""Point"",""coordinates"":[20.29352277547356,44.849208790066164]}"
541,95,153,36,"{""type"":""Point"",""coordinates"":[20.359195887694373,44.87590746961169]}"
542,36,135,141,"{""type"":""Point"",""coordinates"":[20.545059706748376,44.86669499801874]}"
543,36,135,141,"{""type"":""Point"",""coordinates"":[20.323757809040476,44.84091406711094]}"
544,66,53,127,"{""type"":""Point"",""coordinates"":[20.525286343609423,44.74745604571372]}"
545,36,135,141,"{""type"":""Point"",""coordinates"":[20.436494798283547,44.7643992831545]}"
546,43,116,141,"{""type"":""Point"",""coordinates"":[20.543138797381772,44.88432177768874]}"
547,132,191,64,"{""type"":""Point"",""coordinates"":[20.449124886500908,44.78226011784954]}"
548,225,215,30,"{""type"":""Point"",""coordinates"":[20.43196717362479,44.82946056290882]}"
549,69,1,84,"{""type"":""Point"",""coordinates"":[20.36656397881181,44.87420294286677]}"
550,69,1,84,"{""type"":""Point"",""coordinates"":[20.498088500569505,44.82673638070567]}"
551,36,135,141,"{""type"":""Point"",""coordinates"":[20.367099684764806,44.74969805017916]}"
552,36,135,141,"{""type"":""Point"",""coordinates"":[20.354078591527358,44.7888530652039]}"
553,219,214,53,"{""type"":""Point"",""coordinates"":[20.511012952956076,44.81347955994309]}"
554,241,197,34,"{""type"":""Point"",""coordinates"":[20.402670661764695,44.83456065294323]}"
555,69,1,84,"{""type"":""Point"",""coordinates"":[20.487837326332244,44.863669992112435]}"
556,36,135,141,"{""type"":""Point"",""coordinates"":[20.353859782470664,44.78882849925032]}"
557,31,153,138,"{""type"":""Point"",""coordinates"":[20.507031456151026,44.734981419210364]}"
558,36,135,141,"{""type"":""Point"",""coordinates"":[20.454729119304883,44.84338027995489]}"
559,36,135,141,"{""type"":""Point"",""coordinates"":[20.28539415016605,44.85353555010744]}"
560,48,144,140,"{""type"":""Point"",""coordinates"":[20.35792968320509,44.781035113705755]}"
561,103,205,90,"{""type"":""Point"",""coordinates"":[20.556931810164063,44.75404099431047]}"
562,36,135,141,"{""type"":""Point"",""coordinates"":[20.282733476365504,44.8685511805743]}"
563,28,156,138,"{""type"":""Point"",""coordinates"":[20.35486351844588,44.77348485564009]}"
564,42,116,141,"{""type"":""Point"",""coordinates"":[20.352884520903125,44.73338915734208]}"
565,176,104,26,"{""type"":""Point"",""coordinates"":[20.489515578986072,44.84087912078439]}"
566,31,153,138,"{""type"":""Point"",""coordinates"":[20.295159478460153,44.7402012570643]}"
567,107,202,104,"{""type"":""Point"",""coordinates"":[20.552875681392123,44.73439370432776]}"
568,36,134,140,"{""type"":""Point"",""coordinates"":[20.32274801710037,44.8914379260253]}"
569,36,135,141,"{""type"":""Point"",""coordinates"":[20.465043570304463,44.85896905581084]}"
570,69,1,84,"{""type"":""Point"",""coordinates"":[20.493861428283367,44.827660415566264]}"
571,151,216,64,"{""type"":""Point"",""coordinates"":[20.53894938426047,44.84528577614953]}"
572,30,153,138,"{""type"":""Point"",""coordinates"":[20.31005577632732,44.80084806160581]}"
573,151,216,64,"{""type"":""Point"",""coordinates"":[20.322363108692652,44.80088062152219]}"
574,104,204,93,"{""type"":""Point"",""coordinates"":[20.552086600314162,44.76852697336108]}"
575,32,71,68,"{""type"":""Point"",""coordinates"":[20.333195666576238,44.88457935926629]}"
576,39,132,145,"{""type"":""Point"",""coordinates"":[20.54141370358475,44.87436138601316]}"
577,34,128,133,"{""type"":""Point"",""coordinates"":[20.33377733194737,44.75590447654568]}"
578,74,1,81,"{""type"":""Point"",""coordinates"":[20.39068712129778,44.78955315563414]}"
579,225,213,31,"{""type"":""Point"",""coordinates"":[20.395980765019555,44.84387577427671]}"
580,29,156,131,"{""type"":""Point"",""coordinates"":[20.35274564339524,44.79424895744924]}"
581,34,156,140,"{""type"":""Point"",""coordinates"":[20.28988105447579,44.888861320899885]}"
582,195,97,11,"{""type"":""Point"",""coordinates"":[20.407831567914418,44.83587709271352]}"
583,230,128,51,"{""type"":""Point"",""coordinates"":[20.40386815302159,44.81123934425538]}"
584,105,203,91,"{""type"":""Point"",""coordinates"":[20.32367462857618,44.80775486365837]}"
585,36,135,141,"{""type"":""Point"",""coordinates"":[20.32031354160219,44.7494983914782]}"
586,155,217,66,"{""type"":""Point"",""coordinates"":[20.337195317830385,44.794430964239275]}"
587,132,125,8,"{""type"":""Point"",""coordinates"":[20.46317879232619,44.80424870513282]}"
588,44,115,144,"{""type"":""Point"",""coordinates"":[20.44785485937713,44.85243742508913]}"
589,36,135,141,"{""type"":""Point"",""coordinates"":[20.423142719877543,44.87407423860716]}"
590,151,216,64,"{""type"":""Point"",""coordinates"":[20.47579015463472,44.878859509036346]}"
591,230,150,45,"{""type"":""Point"",""coordinates"":[20.41778874272004,44.78778946664885]}"
592,28,80,104,"{""type"":""Point"",""coordinates"":[20.56045324988442,44.83963832135687]}"
593,26,149,111,"{""type"":""Point"",""coordinates"":[20.31776134193024,44.73347143573758]}"
594,70,186,115,"{""type"":""Point"",""coordinates"":[20.530063011489652,44.78473986999177]}"
595,36,135,141,"{""type"":""Point"",""coordinates"":[20.356592685238518,44.78522950740089]}"
596,214,205,45,"{""type"":""Point"",""coordinates"":[20.356991007286684,44.84697885522389]}"
597,223,216,30,"{""type"":""Point"",""coordinates"":[20.371751592806618,44.80693039411219]}"
598,222,213,23,"{""type"":""Point"",""coordinates"":[20.464972830009682,44.79400058476751]}"
599,32,137,142,"{""type"":""Point"",""coordinates"":[20.442162957763106,44.87540423756834]}"
600,43,146,144,"{""type"":""Point"",""coordinates"":[20.33489693092041,44.73662858294566]}"
601,153,216,62,"{""type"":""Point"",""coordinates"":[20.444692171657948,44.84898317787556]}"
602,225,216,27,"{""type"":""Point"",""coordinates"":[20.47930701008714,44.85628606769036]}"
603,70,183,121,"{""type"":""Point"",""coordinates"":[20.540773531440507,44.762746559060844]}"
604,36,135,141,"{""type"":""Point"",""coordinates"":[20.402190471627915,44.86530232559173]}"
605,40,144,144,"{""type"":""Point"",""coordinates"":[20.548879194782774,44.80469344849029]}"
606,149,211,63,"{""type"":""Point"",""coordinates"":[20.3629410275731,44.7330315059427]}"
607,155,214,66,"{""type"":""Point"",""coordinates"":[20.44914151307195,44.783038277481005]}"
608,34,137,137,"{""type"":""Point"",""coordinates"":[20.433346026843715,44.85707828742769]}"
609,36,135,141,"{""type"":""Point"",""coordinates"":[20.360140816526087,44.78378261572057]}"
610,53,97,142,"{""type"":""Point"",""coordinates"":[20.411388974344227,44.73441879862206]}"
611,183,173,30,"{""type"":""Point"",""coordinates"":[20.360835452788006,44.847721713574096]}"
612,20,125,114,"{""type"":""Point"",""coordinates"":[20.356162206619455,44.82481219050981]}"
613,61,77,137,"{""type"":""Point"",""coordinates"":[20.553821905846274,44.78387751331078]}"
614,48,49,92,"{""type"":""Point"",""coordinates"":[20.41897589343782,44.85221829968015]}"
615,40,135,128,"{""type"":""Point"",""coordinates"":[20.427820043683074,44.8529029576627]}"
616,47,111,143,"{""type"":""Point"",""coordinates"":[20.40825381720313,44.737153590685026]}"
617,53,95,144,"{""type"":""Point"",""coordinates"":[20.539011901838496,44.78027430095926]}"
618,36,135,141,"{""type"":""Point"",""coordinates"":[20.365623296550485,44.749797812544365]}"
619,36,135,141,"{""type"":""Point"",""coordinates"":[20.44151912759978,44.8573881092034]}"
620,69,1,84,"{""type"":""Point"",""coordinates"":[20.549101827612304,44.840495415921545]}"
621,54,94,139,"{""type"":""Point"",""coordinates"":[20.526357564284286,44.76357877003975]}"
622,64,186,114,"{""type"":""Point"",""coordinates"":[20.566918459574566,44.7607626652858]}"
623,225,215,30,"{""type"":""Point"",""coordinates"":[20.46660543360292,44.87673162328791]}"
624,123,206,77,"{""type"":""Point"",""coordinates"":[20.372322557647568,44.7351186850647]}"
625,155,211,75,"{""type"":""Point"",""coordinates"":[20.48226834689178,44.76639376377762]}"
626,44,53,88,"{""type"":""Point"",""coordinates"":[20.31942743014334,44.73778818206205]}"
627,103,199,99,"{""type"":""Point"",""coordinates"":[20.508165169415626,44.78381836688557]}"
628,36,135,141,"{""type"":""Point"",""coordinates"":[20.332994598303543,44.746283586647294]}"
629,69,1,84,"{""type"":""Point"",""coordinates"":[20.56840216646357,44.84842514426889]}"
630,46,149,76,"{""type"":""Point"",""coordinates"":[20.516119213985576,44.76381085455625]}"
631,30,144,137,"{""type"":""Point"",""coordinates"":[20.431949018327867,44.776012514915735]}"
632,131,214,84,"{""type"":""Point"",""coordinates"":[20.368121718412073,44.8146398878937]}"
633,72,1,83,"{""type"":""Point"",""coordinates"":[20.451304658205498,44.83110019992433]}"
634,71,1,82,"{""type"":""Point"",""coordinates"":[20.502691709456744,44.831146909282005]}"
635,36,135,141,"{""type"":""Point"",""coordinates"":[20.44652963559667,44.85613882543359]}"
636,36,135,141,"{""type"":""Point"",""coordinates"":[20.279527804658272,44.86450322318564]}"
637,164,156,5,"{""type"":""Point"",""coordinates"":[20.354524130568752,44.856442850797215]}"
638,43,116,139,"{""type"":""Point"",""coordinates"":[20.377423151218256,44.76414383497924]}"
639,36,135,141,"{""type"":""Point"",""coordinates"":[20.32306150560176,44.83712269831759]}"
640,69,1,84,"{""type"":""Point"",""coordinates"":[20.43040258468925,44.84039399335223]}"
641,36,135,141,"{""type"":""Point"",""coordinates"":[20.342482255014534,44.81906969761091]}"
642,128,87,53,"{""type"":""Point"",""coordinates"":[20.446937553897477,44.832164656003414]}"
643,35,135,143,"{""type"":""Point"",""coordinates"":[20.32916900492486,44.7455055856302]}"
644,62,77,136,"{""type"":""Point"",""coordinates"":[20.516806798708657,44.7522962353534]}"
645,163,153,6,"{""type"":""Point"",""coordinates"":[20.405244437034924,44.75776398553118]}"
646,36,135,141,"{""type"":""Point"",""coordinates"":[20.388118371011483,44.77015731056925]}"
647,243,152,30,"{""type"":""Point"",""coordinates"":[20.41049759136665,44.81376452480838]}"
648,153,215,62,"{""type"":""Point"",""coordinates"":[20.476157332000202,44.77252464602397]}"
649,151,216,64,"{""type"":""Point"",""coordinates"":[20.285677499625304,44.794767533903695]}"
650,36,135,141,"{""type"":""Point"",""coordinates"":[20.318095458535332,44.75841063433229]}"
651,40,118,137,"{""type"":""Point"",""coordinates"":[20.36492834917088,44.767552485008785]}"
652,155,145,25,"{""type"":""Point"",""coordinates"":[20.386466294863638,44.81155041435256]}"
653,36,135,141,"{""type"":""Point"",""coordinates"":[20.344402736434755,44.83747502777226]}"
654,40,133,141,"{""type"":""Point"",""coordinates"":[20.386303203182187,44.76610943854169]}"
655,222,215,38,"{""type"":""Point"",""coordinates"":[20.397116282593117,44.83521627465092]}"
656,112,198,96,"{""type"":""Point"",""coordinates"":[20.421753606936523,44.75079158309109]}"
657,151,218,57,"{""type"":""Point"",""coordinates"":[20.300155546118393,44.818622016797164]}"
658,53,3,69,"{""type"":""Point"",""coordinates"":[20.552775371740786,44.83389022703128]}"
659,69,2,81,"{""type"":""Point"",""coordinates"":[20.43902492591234,44.82194661112467]}"
660,61,77,137,"{""type"":""Point"",""coordinates"":[20.565754680862792,44.79241580915874]}"
661,60,78,137,"{""type"":""Point"",""coordinates"":[20.556166115775227,44.81535491096668]}"
662,30,159,133,"{""type"":""Point"",""coordinates"":[20.53317305200209,44.749479815321706]}"
663,137,197,73,"{""type"":""Point"",""coordinates"":[20.479134736544783,44.863733752300554]}"
664,21,135,117,"{""type"":""Point"",""coordinates"":[20.422858472653953,44.762388137551625]}"
665,36,135,141,"{""type"":""Point"",""coordinates"":[20.355453842739198,44.78444287087923]}"
666,97,196,113,"{""type"":""Point"",""coordinates"":[20.44733923350574,44.79117858388198]}"
667,223,220,28,"{""type"":""Point"",""coordinates"":[20.493007839827595,44.84516604681327]}"
668,36,135,141,"{""type"":""Point"",""coordinates"":[20.339783210951637,44.878041323205004]}"
669,40,134,140,"{""type"":""Point"",""coordinates"":[20.30145821056586,44.88145677321263]}"
670,34,152,143,"{""type"":""Point"",""coordinates"":[20.54611608890829,44.876723967951925]}"
671,222,215,25,"{""type"":""Point"",""coordinates"":[20.48447228196725,44.85521601081819]}"
672,88,175,71,"{""type"":""Point"",""coordinates"":[20.5011695238418,44.80737650674103]}"
673,36,135,141,"{""type"":""Point"",""coordinates"":[20.285501246223696,44.875601962215335]}"
674,13,127,95,"{""type"":""Point"",""coordinates"":[20.50863838846343,44.738762824870236]}"
675,53,121,99,"{""type"":""Point"",""coordinates"":[20.542851827110383,44.846298479033464]}"
676,211,203,65,"{""type"":""Point"",""coordinates"":[20.475495551701968,44.8570050147281]}"
677,151,216,63,"{""type"":""Point"",""coordinates"":[20.301038050745515,44.818837037387325]}"
678,54,9,79,"{""type"":""Point"",""coordinates"":[20.373037570828235,44.77669017718313]}"
679,42,116,139,"{""type"":""Point"",""coordinates"":[20.396804046138524,44.73786295381953]}"
680,214,202,39,"{""type"":""Point"",""coordinates"":[20.484443504953717,44.79207692547537]}"
681,48,152,84,"{""type"":""Point"",""coordinates"":[20.473525208430704,44.7593878553571]}"
682,111,201,90,"{""type"":""Point"",""coordinates"":[20.535532789037614,44.81567512590426]}"
683,42,164,130,"{""type"":""Point"",""coordinates"":[20.51977391327071,44.74504047005919]}"
684,53,98,140,"{""type"":""Point"",""coordinates"":[20.55930350697566,44.79441008885905]}"
685,36,135,141,"{""type"":""Point"",""coordinates"":[20.323906455346748,44.80586805978942]}"
686,36,135,141,"{""type"":""Point"",""coordinates"":[20.29483128113641,44.82834773942996]}"
687,186,179,28,"{""type"":""Point"",""coordinates"":[20.48059105143907,44.79618062846693]}"
688,69,1,84,"{""type"":""Point"",""coordinates"":[20.395292968539167,44.79336077779924]}"
689,185,179,28,"{""type"":""Point"",""coordinates"":[20.470350871772588,44.8060937074496]}"
690,52,137,149,"{""type"":""Point"",""coordinates"":[20.5663971978282,44.80830400959156]}"
691,24,91,116,"{""type"":""Point"",""coordinates"":[20.47643835904791,44.73658088111958]}"
692,150,214,68,"{""type"":""Point"",""coordinates"":[20.498341432538968,44.800591908391596]}"
693,166,153,15,"{""type"":""Point"",""coordinates"":[20.48657827522834,44.801072666026975]}"
694,32,97,122,"{""type"":""Point"",""coordinates"":[20.468099252940917,44.74650577932532]}"
695,66,148,56,"{""type"":""Point"",""coordinates"":[20.461588220315466,44.787075584795865]}"
696,36,135,141,"{""type"":""Point"",""coordinates"":[20.280468623912622,44.859322831225505]}"
697,62,10,32,"{""type"":""Point"",""coordinates"":[20.44599117081394,44.83104229489204]}"
698,36,136,143,"{""type"":""Point"",""coordinates"":[20.325349194942017,44.76153363247095]}"
699,36,135,141,"{""type"":""Point"",""coordinates"":[20.4138951853824,44.88815089669426]}"
700,158,213,61,"{""type"":""Point"",""coordinates"":[20.497960778722145,44.84531109211414]}"
701,102,205,90,"{""type"":""Point"",""coordinates"":[20.32884890833876,44.739315284919144]}"
702,36,135,141,"{""type"":""Point"",""coordinates"":[20.3016494512514,44.8266231695781]}"
703,47,97,154,"{""type"":""Point"",""coordinates"":[20.554139137372715,44.817508679037765]}"
704,37,163,133,"{""type"":""Point"",""coordinates"":[20.44366623806926,44.75268205637729]}"
705,48,149,81,"{""type"":""Point"",""coordinates"":[20.361261073718225,44.84311712439581]}"
706,69,1,84,"{""type"":""Point"",""coordinates"":[20.511107143061267,44.82578287357395]}"
707,36,135,141,"{""type"":""Point"",""coordinates"":[20.44041217149176,44.76270326491727]}"
708,132,193,58,"{""type"":""Point"",""coordinates"":[20.52303440338955,44.797996397281125]}"
709,58,78,137,"{""type"":""Point"",""coordinates"":[20.492602322022726,44.7391473131347]}"
710,104,204,92,"{""type"":""Point"",""coordinates"":[20.537644591501973,44.88792672918956]}"
711,24,96,21,"{""type"":""Point"",""coordinates"":[20.39639114182751,44.826847211774535]}"
712,36,135,141,"{""type"":""Point"",""coordinates"":[20.33688408770965,44.815935646584265]}"
713,36,135,141,"{""type"":""Point"",""coordinates"":[20.30454289860581,44.82703748955695]}"
714,218,212,40,"{""type"":""Point"",""coordinates"":[20.4364515685218,44.73867248794592]}"
715,225,218,21,"{""type"":""Point"",""coordinates"":[20.35522421926764,44.87092648700512]}"
716,69,1,84,"{""type"":""Point"",""coordinates"":[20.53183205906438,44.82484054082207]}"
717,36,135,141,"{""type"":""Point"",""coordinates"":[20.293084091852446,44.74573471260084]}"
718,225,215,30,"{""type"":""Point"",""coordinates"":[20.464853772924467,44.86962570341954]}"
719,53,97,142,"{""type"":""Point"",""coordinates"":[20.557024508610503,44.78323982104059]}"
720,225,214,32,"{""type"":""Point"",""coordinates"":[20.44011648870699,44.834882620402354]}"
721,38,133,142,"{""type"":""Point"",""coordinates"":[20.42887619105565,44.8831927315434]}"
722,27,150,137,"{""type"":""Point"",""coordinates"":[20.350722632727063,44.880090272119936]}"
723,225,215,30,"{""type"":""Point"",""coordinates"":[20.46006919666904,44.878556168994656]}"
724,231,132,48,"{""type"":""Point"",""coordinates"":[20.454976015807343,44.81271711723045]}"
725,31,152,139,"{""type"":""Point"",""coordinates"":[20.328840669437287,44.732282697421496]}"
726,246,143,41,"{""type"":""Point"",""coordinates"":[20.460017057708857,44.8113711535508]}"
727,131,118,132,"{""type"":""Point"",""coordinates"":[20.36145626202569,44.88337009284663]}"
728,102,155,22,"{""type"":""Point"",""coordinates"":[20.330664047140395,44.85517146275285]}"
729,36,135,141,"{""type"":""Point"",""coordinates"":[20.3364195408387,44.76711305890516]}"
730,227,213,45,"{""type"":""Point"",""coordinates"":[20.476927573690446,44.86483078122693]}"
731,36,135,141,"{""type"":""Point"",""coordinates"":[20.30000936058561,44.763033060711706]}"
732,106,155,28,"{""type"":""Point"",""coordinates"":[20.4278550607681,44.821616113872324]}"
733,173,105,22,"{""type"":""Point"",""coordinates"":[20.482511771877782,44.78406688569706]}"
734,36,135,141,"{""type"":""Point"",""coordinates"":[20.493047313148995,44.875408181549155]}"
735,43,132,145,"{""type"":""Point"",""coordinates"":[20.44460318353151,44.852456706708956]}"
736,35,136,141,"{""type"":""Point"",""coordinates"":[20.355535535916605,44.742468317549125]}"
737,36,135,141,"{""type"":""Point"",""coordinates"":[20.303401843905203,44.7489297661684]}"
738,108,192,98,"{""type"":""Point"",""coordinates"":[20.42205135194965,44.75832665807971]}"
739,105,203,101,"{""type"":""Point"",""coordinates"":[20.406621956521473,44.742017572346995]}"
740,36,135,141,"{""type"":""Point"",""coordinates"":[20.4285634104774,44.87755004784258]}"
741,224,208,43,"{""type"":""Point"",""coordinates"":[20.390508876363366,44.79811529652999]}"
742,195,184,27,"{""type"":""Point"",""coordinates"":[20.48374081339653,44.850240313315695]}"
743,163,152,0,"{""type"":""Point"",""coordinates"":[20.501349465883056,44.838511397821684]}"
744,45,181,123,"{""type"":""Point"",""coordinates"":[20.422704366744913,44.768750724963304]}"
745,213,207,22,"{""type"":""Point"",""coordinates"":[20.49542193200492,44.77652751902277]}"
746,54,96,142,"{""type"":""Point"",""coordinates"":[20.50899384675299,44.75243808211223]}"
747,44,117,142,"{""type"":""Point"",""coordinates"":[20.50803625831205,44.854314073503964]}"
748,61,77,137,"{""type"":""Point"",""coordinates"":[20.558318882386192,44.79132604016925]}"
749,73,182,114,"{""type"":""Point"",""coordinates"":[20.462425745357326,44.73602383083541]}"
750,99,182,90,"{""type"":""Point"",""coordinates"":[20.420738353876885,44.750996602699814]}"
751,111,196,97,"{""type"":""Point"",""coordinates"":[20.420147456913288,44.74953828900815]}"
752,36,135,141,"{""type"":""Point"",""coordinates"":[20.367824366415675,44.74165634497761]}"
753,36,135,141,"{""type"":""Point"",""coordinates"":[20.277903125207708,44.782592974547164]}"
754,224,215,32,"{""type"":""Point"",""coordinates"":[20.380690300688396,44.81464199822424]}"
755,38,173,128,"{""type"":""Point"",""coordinates"":[20.376955045789725,44.82904296017721]}"
756,36,135,141,"{""type"":""Point"",""coordinates"":[20.320458054880202,44.85211591067226]}"
757,104,203,95,"{""type"":""Point"",""coordinates"":[20.370719905598573,44.89101266769882]}"
758,35,136,141,"{""type"":""Point"",""coordinates"":[20.29045623725252,44.73593262669441]}"
759,39,133,141,"{""type"":""Point"",""coordinates"":[20.486934065374793,44.865524316743716]}"
760,36,135,141,"{""type"":""Point"",""coordinates"":[20.298393398171115,44.8628062333128]}"
761,36,135,141,"{""type"":""Point"",""coordinates"":[20.277903514006486,44.88036730506606]}"
762,42,118,134,"{""type"":""Point"",""coordinates"":[20.405812783781553,44.73819624432683]}"
763,34,136,141,"{""type"":""Point"",""coordinates"":[20.507546391717714,44.881194876539425]}"
764,69,1,84,"{""type"":""Point"",""coordinates"":[20.557672588298185,44.8410908681712]}"
765,36,135,141,"{""type"":""Point"",""coordinates"":[20.304188542268342,44.8561477514013]}"
766,32,153,140,"{""type"":""Point"",""coordinates"":[20.345210699236446,44.864432912615406]}"
767,36,135,141,"{""type"":""Point"",""coordinates"":[20.281502495228874,44.83543481476204]}"
768,36,135,141,"{""type"":""Point"",""coordinates"":[20.334283963740155,44.84605769295104]}"
769,60,190,116,"{""type"":""Point"",""coordinates"":[20.499803732378307,44.758215206821504]}"
770,255,141,38,"{""type"":""Point"",""coordinates"":[20.402826286581703,44.83600204479702]}"
771,90,176,80,"{""type"":""Point"",""coordinates"":[20.43263269749124,44.74863686617675]}"
772,25,135,106,"{""type"":""Point"",""coordinates"":[20.476274686542105,44.760987723931336]}"
773,36,135,141,"{""type"":""Point"",""coordinates"":[20.34974299213474,44.78939992932685]}"
774,29,118,126,"{""type"":""Point"",""coordinates"":[20.346142749229465,44.76992181645242]}"
775,219,216,22,"{""type"":""Point"",""coordinates"":[20.48601243075885,44.84102742009412]}"
776,107,203,82,"{""type"":""Point"",""coordinates"":[20.39375896235756,44.82404807437432]}"
777,153,211,73,"{""type"":""Point"",""coordinates"":[20.5274490919387,44.80171793074953]}"
778,33,153,130,"{""type"":""Point"",""coordinates"":[20.35403706879786,44.87621542261498]}"
779,13,102,108,"{""type"":""Point"",""coordinates"":[20.47575259907656,44.84238296280089]}"
780,65,4,82,"{""type"":""Point"",""coordinates"":[20.33388076652642,44.753331154848844]}"
781,182,171,11,"{""type"":""Point"",""coordinates"":[20.483955831175304,44.856141912342004]}"
782,160,71,10,"{""type"":""Point"",""coordinates"":[20.414959773291304,44.814408869077845]}"
783,151,218,66,"{""type"":""Point"",""coordinates"":[20.28884004007573,44.823589234589825]}"
784,152,216,60,"{""type"":""Point"",""coordinates"":[20.48561618182938,44.87431884473156]}"
785,111,160,44,"{""type"":""Point"",""coordinates"":[20.49695675561737,44.774342191969204]}"
786,226,214,37,"{""type"":""Point"",""coordinates"":[20.38293015369295,44.84772255598851]}"
787,224,215,35,"{""type"":""Point"",""coordinates"":[20.412906173503718,44.7761274954019]}"
788,36,135,141,"{""type"":""Point"",""coordinates"":[20.311666091152503,44.75959230917477]}"
789,156,213,66,"{""type"":""Point"",""coordinates"":[20.470796933061575,44.86976023564279]}"
790,34,136,143,"{""type"":""Point"",""coordinates"":[20.56328699150294,44.875049904533995]}"
791,219,213,48,"{""type"":""Point"",""coordinates"":[20.32679906934159,44.87092437691377]}"
792,36,135,141,"{""type"":""Point"",""coordinates"":[20.360357127380553,44.78779572401216]}"
793,76,41,72,"{""type"":""Point"",""coordinates"":[20.421584064479294,44.83560212720997]}"
794,39,133,141,"{""type"":""Point"",""coordinates"":[20.38675119125265,44.77034112026666]}"
795,89,169,135,"{""type"":""Point"",""coordinates"":[20.448703267768565,44.828391878963416]}"
796,151,216,64,"{""type"":""Point"",""coordinates"":[20.481383149975603,44.87852884053353]}"
797,222,220,32,"{""type"":""Point"",""coordinates"":[20.551495274016915,44.83246443877921]}"
798,213,202,31,"{""type"":""Point"",""coordinates"":[20.35647095562852,44.804161509373856]}"
799,34,136,141,"{""type"":""Point"",""coordinates"":[20.523019810530357,44.86088856307738]}"
800,36,135,141,"{""type"":""Point"",""coordinates"":[20.29712745966486,44.832055248016694]}"
801,35,136,141,"{""type"":""Point"",""coordinates"":[20.318210010022494,44.83891336766297]}"
802,25,140,77,"{""type"":""Point"",""coordinates"":[20.46358161097717,44.75978342018046]}"
803,43,116,141,"{""type"":""Point"",""coordinates"":[20.538901064259033,44.84908842471239]}"
804,37,132,131,"{""type"":""Point"",""coordinates"":[20.338820602651193,44.73787123478533]}"
805,152,215,64,"{""type"":""Point"",""coordinates"":[20.558086849884866,44.75793637246333]}"
806,35,137,137,"{""type"":""Point"",""coordinates"":[20.28515160431292,44.83398782424158]}"
807,44,115,143,"{""type"":""Point"",""coordinates"":[20.44495138296949,44.85155640336513]}"
808,222,213,40,"{""type"":""Point"",""coordinates"":[20.478255471869907,44.86041201195423]}"
809,28,155,133,"{""type"":""Point"",""coordinates"":[20.446153781538303,44.879730726013904]}"
810,72,168,111,"{""type"":""Point"",""coordinates"":[20.53077291072047,44.88389398472014]}"
811,103,204,92,"{""type"":""Point"",""coordinates"":[20.365154182542366,44.867945494165625]}"
812,37,122,141,"{""type"":""Point"",""coordinates"":[20.544848035392757,44.84892804316179]}"
813,36,135,147,"{""type"":""Point"",""coordinates"":[20.53014533076857,44.762716872490664]}"
814,0,0,0,"{""type"":""Point"",""coordinates"":[20.2770531407498,44.84415731648145]}"
815,46,156,140,"{""type"":""Point"",""coordinates"":[20.50543411907896,44.838738356478004]}"
816,36,135,141,"{""type"":""Point"",""coordinates"":[20.28800288484664,44.81190970244432]}"
817,18,68,71,"{""type"":""Point"",""coordinates"":[20.27733802060142,44.845100179842966]}"
818,61,77,137,"{""type"":""Point"",""coordinates"":[20.55534500192581,44.814454312279096]}"
819,38,134,140,"{""type"":""Point"",""coordinates"":[20.445671014469802,44.740199991896446]}"
820,35,136,140,"{""type"":""Point"",""coordinates"":[20.45621170527989,44.83971088392285]}"
821,151,216,64,"{""type"":""Point"",""coordinates"":[20.477570496274584,44.882784353423176]}"
822,245,144,41,"{""type"":""Point"",""coordinates"":[20.422369466302953,44.81729438484678]}"
823,157,213,68,"{""type"":""Point"",""coordinates"":[20.503862062288476,44.78836043539473]}"
824,71,0,83,"{""type"":""Point"",""coordinates"":[20.366473833469588,44.87944054843153]}"
825,53,98,140,"{""type"":""Point"",""coordinates"":[20.558892635894182,44.794827721075585]}"
826,161,86,13,"{""type"":""Point"",""coordinates"":[20.451786856121135,44.79686693128085]}"
827,36,135,141,"{""type"":""Point"",""coordinates"":[20.30599504597141,44.776483804530784]}"
828,37,172,131,"{""type"":""Point"",""coordinates"":[20.529611043127453,44.7321005039148]}"
829,110,96,12,"{""type"":""Point"",""coordinates"":[20.404230476631994,44.82117968010623]}"
830,64,9,55,"{""type"":""Point"",""coordinates"":[20.53350361773025,44.82240406017715]}"
831,36,135,141,"{""type"":""Point"",""coordinates"":[20.314077250698794,44.805070774541164]}"
832,248,179,13,"{""type"":""Point"",""coordinates"":[20.288973934780508,44.77358197086925]}"
833,36,135,141,"{""type"":""Point"",""coordinates"":[20.32231138831998,44.783860411727765]}"
834,152,215,65,"{""type"":""Point"",""coordinates"":[20.332598885513352,44.801431910519824]}"
835,36,135,141,"{""type"":""Point"",""coordinates"":[20.343118974676003,44.78535670077866]}"
836,37,172,131,"{""type"":""Point"",""coordinates"":[20.521233142144247,44.74009394572041]}"
837,200,193,36,"{""type"":""Point"",""coordinates"":[20.4090171749835,44.779380443519976]}"
838,36,135,141,"{""type"":""Point"",""coordinates"":[20.523267674319452,44.836896624630754]}"
839,36,135,141,"{""type"":""Point"",""coordinates"":[20.297453000899175,44.80623911263525]}"
840,48,101,138,"{""type"":""Point"",""coordinates"":[20.54726726207715,44.79410407622585]}"
841,41,148,83,"{""type"":""Point"",""coordinates"":[20.52078324195166,44.786136746609756]}"
842,247,143,21,"{""type"":""Point"",""coordinates"":[20.44470119305029,44.81092957813388]}"
843,36,135,141,"{""type"":""Point"",""coordinates"":[20.437721702838147,44.86936146061964]}"
844,190,220,222,"{""type"":""Point"",""coordinates"":[20.42087943558127,44.8856047972525]}"
845,106,197,96,"{""type"":""Point"",""coordinates"":[20.498150705925205,44.75796383221884]}"
846,36,135,141,"{""type"":""Point"",""coordinates"":[20.298984872637938,44.7903578165069]}"
847,36,135,141,"{""type"":""Point"",""coordinates"":[20.33253116102177,44.82341397633182]}"
848,154,215,61,"{""type"":""Point"",""coordinates"":[20.55036465655035,44.76272126681091]}"
849,107,197,97,"{""type"":""Point"",""coordinates"":[20.45362106671,44.78255889286194]}"
850,42,116,141,"{""type"":""Point"",""coordinates"":[20.56960250452028,44.74153479814783]}"
851,36,135,141,"{""type"":""Point"",""coordinates"":[20.538272774112777,44.86496957944673]}"
852,160,150,24,"{""type"":""Point"",""coordinates"":[20.40359804388678,44.75504954328878]}"
853,154,74,15,"{""type"":""Point"",""coordinates"":[20.418913618799607,44.81332675853089]}"
854,100,178,94,"{""type"":""Point"",""coordinates"":[20.485395966540434,44.76090773548829]}"
855,36,135,141,"{""type"":""Point"",""coordinates"":[20.44146572590369,44.86673266793481]}"
856,151,216,64,"{""type"":""Point"",""coordinates"":[20.288609115936346,44.79627449596464]}"
857,124,187,180,"{""type"":""Point"",""coordinates"":[20.325575756109686,44.88200012976485]}"
858,36,135,141,"{""type"":""Point"",""coordinates"":[20.45529809882999,44.85492658799962]}"
859,51,98,143,"{""type"":""Point"",""coordinates"":[20.558026626936627,44.78302647604537]}"
860,37,97,126,"{""type"":""Point"",""coordinates"":[20.52616057154695,44.751431896012]}"
861,36,136,140,"{""type"":""Point"",""coordinates"":[20.378459034398286,44.74368586183358]}"
862,104,103,9,"{""type"":""Point"",""coordinates"":[20.50191540384844,44.81786798120177]}"
863,132,125,13,"{""type"":""Point"",""coordinates"":[20.348406053374912,44.86592321683465]}"
864,216,207,48,"{""type"":""Point"",""coordinates"":[20.48134690252794,44.800105190403286]}"
865,61,91,93,"{""type"":""Point"",""coordinates"":[20.327107702689307,44.88421302343957]}"
866,69,1,84,"{""type"":""Point"",""coordinates"":[20.41444328771435,44.85027923943098]}"
867,156,151,11,"{""type"":""Point"",""coordinates"":[20.470706367597277,44.77973321925924]}"
868,36,135,141,"{""type"":""Point"",""coordinates"":[20.330657569539394,44.831534460985]}"
869,69,1,84,"{""type"":""Point"",""coordinates"":[20.363127007709643,44.880980159921606]}"
870,36,135,141,"{""type"":""Point"",""coordinates"":[20.4778176483868,44.88812042035061]}"
871,223,215,32,"{""type"":""Point"",""coordinates"":[20.450896185408784,44.875743795526496]}"
872,152,215,66,"{""type"":""Point"",""coordinates"":[20.502697781132373,44.846026855765494]}"
873,195,97,9,"{""type"":""Point"",""coordinates"":[20.4224067655624,44.809993967164544]}"
874,31,152,141,"{""type"":""Point"",""coordinates"":[20.47313140482496,44.77086764436743]}"
875,69,1,84,"{""type"":""Point"",""coordinates"":[20.54455553618054,44.83742465343976]}"
876,226,216,25,"{""type"":""Point"",""coordinates"":[20.507534805160056,44.84680258346825]}"
877,41,170,136,"{""type"":""Point"",""coordinates"":[20.365541580753924,44.83123099688422]}"
878,195,181,40,"{""type"":""Point"",""coordinates"":[20.470200002853982,44.8455453746614]}"
879,52,98,142,"{""type"":""Point"",""coordinates"":[20.410401293068524,44.73592208400392]}"
880,201,186,27,"{""type"":""Point"",""coordinates"":[20.51583046362663,44.846013997008086]}"
881,101,158,27,"{""type"":""Point"",""coordinates"":[20.482085355011797,44.76489156045072]}"
882,239,142,52,"{""type"":""Point"",""coordinates"":[20.416833056560794,44.81557604816437]}"
883,32,136,141,"{""type"":""Point"",""coordinates"":[20.330576088397077,44.734027021325254]}"
884,36,135,141,"{""type"":""Point"",""coordinates"":[20.34748495535303,44.77772525313214]}"
885,69,1,84,"{""type"":""Point"",""coordinates"":[20.571250541382337,44.84552984291173]}"
886,41,115,138,"{""type"":""Point"",""coordinates"":[20.391222265660403,44.89097460876377]}"
887,56,85,132,"{""type"":""Point"",""coordinates"":[20.537165697549657,44.738384718020576]}"
888,151,216,64,"{""type"":""Point"",""coordinates"":[20.475003772153183,44.88339475412047]}"
889,153,217,51,"{""type"":""Point"",""coordinates"":[20.494998680292206,44.79939468226135]}"
890,36,135,141,"{""type"":""Point"",""coordinates"":[20.355853029530458,44.82041304010244]}"
891,61,152,51,"{""type"":""Point"",""coordinates"":[20.286828547646067,44.84061702142772]}"
892,36,135,141,"{""type"":""Point"",""coordinates"":[20.421920004139945,44.88047624074312]}"
893,222,215,30,"{""type"":""Point"",""coordinates"":[20.384847731612684,44.79430797835015]}"
894,152,215,61,"{""type"":""Point"",""coordinates"":[20.31122465652308,44.88734445392459]}"
895,36,135,141,"{""type"":""Point"",""coordinates"":[20.352509731688095,44.74490706988905]}"
896,36,135,141,"{""type"":""Point"",""coordinates"":[20.381187102425432,44.74815910802575]}"
897,25,116,83,"{""type"":""Point"",""coordinates"":[20.544622702077834,44.81049223441446]}"
898,104,204,92,"{""type"":""Point"",""coordinates"":[20.553251238773832,44.75361964287489]}"
899,222,219,34,"{""type"":""Point"",""coordinates"":[20.472748947612693,44.85537667218487]}"
900,36,135,141,"{""type"":""Point"",""coordinates"":[20.30191067153919,44.73052959046844]}"
901,225,217,14,"{""type"":""Point"",""coordinates"":[20.36793475317127,44.80991452859053]}"
902,225,215,30,"{""type"":""Point"",""coordinates"":[20.45706223127999,44.87446072447244]}"
903,45,105,132,"{""type"":""Point"",""coordinates"":[20.529024496214998,44.76348598526666]}"
904,69,1,84,"{""type"":""Point"",""coordinates"":[20.526003545308775,44.830447669978575]}"
905,192,197,51,"{""type"":""Point"",""coordinates"":[20.350664268700317,44.7936473866534]}"
906,36,133,141,"{""type"":""Point"",""coordinates"":[20.34692300734347,44.77011820602341]}"
907,31,143,139,"{""type"":""Point"",""coordinates"":[20.535565333504724,44.88452588333946]}"
908,36,135,141,"{""type"":""Point"",""coordinates"":[20.28986541429858,44.86153115545938]}"
909,41,117,140,"{""type"":""Point"",""coordinates"":[20.470305463016924,44.749395177924356]}"
910,32,153,138,"{""type"":""Point"",""coordinates"":[20.32693929096044,44.89166938198702]}"
911,248,144,48,"{""type"":""Point"",""coordinates"":[20.44045403897798,44.79624209155215]}"
912,197,110,63,"{""type"":""Point"",""coordinates"":[20.46983781627359,44.82813218258067]}"
913,64,6,84,"{""type"":""Point"",""coordinates"":[20.315001143360522,44.740849864569164]}"
914,107,201,99,"{""type"":""Point"",""coordinates"":[20.535074823621873,44.798851064786135]}"
915,28,124,121,"{""type"":""Point"",""coordinates"":[20.330273408103988,44.73676787218188]}"
916,69,1,84,"{""type"":""Point"",""coordinates"":[20.496543240280364,44.86100578509227]}"
917,111,195,95,"{""type"":""Point"",""coordinates"":[20.508715998006846,44.79596911439832]}"
918,36,135,141,"{""type"":""Point"",""coordinates"":[20.29392986819313,44.74476776057551]}"
919,36,137,135,"{""type"":""Point"",""coordinates"":[20.316080694228166,44.83608821411716]}"
920,52,96,141,"{""type"":""Point"",""coordinates"":[20.53024703600481,44.77058531799473]}"
921,251,141,42,"{""type"":""Point"",""coordinates"":[20.455365791257787,44.805699788950754]}"
922,195,184,21,"{""type"":""Point"",""coordinates"":[20.35455289281382,44.85117364293721]}"
923,151,216,62,"{""type"":""Point"",""coordinates"":[20.343195086015584,44.834210271641076]}"
924,111,169,31,"{""type"":""Point"",""coordinates"":[20.34819207484165,44.849502165320274]}"
925,32,138,143,"{""type"":""Point"",""coordinates"":[20.362612589151595,44.74297034046087]}"
926,104,202,95,"{""type"":""Point"",""coordinates"":[20.36638776065352,44.86718635512771]}"
927,69,1,84,"{""type"":""Point"",""coordinates"":[20.397482065310108,44.793793137649054]}"
928,36,135,141,"{""type"":""Point"",""coordinates"":[20.42583368171677,44.87446340785046]}"
929,36,135,141,"{""type"":""Point"",""coordinates"":[20.379595365471637,44.747777936512605]}"
930,36,135,141,"{""type"":""Point"",""coordinates"":[20.307687707310762,44.78395325418126]}"
931,129,191,45,"{""type"":""Point"",""coordinates"":[20.49344740048507,44.772452888699654]}"
932,37,134,141,"{""type"":""Point"",""coordinates"":[20.410407219515974,44.87090572031782]}"
933,124,198,82,"{""type"":""Point"",""coordinates"":[20.495421735258535,44.765286793447295]}"
934,37,134,141,"{""type"":""Point"",""coordinates"":[20.432129858515953,44.88062700017528]}"
935,36,135,141,"{""type"":""Point"",""coordinates"":[20.397333143451068,44.75952608509954]}"
936,197,193,34,"{""type"":""Point"",""coordinates"":[20.41003766104771,44.80503909303569]}"
937,65,144,58,"{""type"":""Point"",""coordinates"":[20.367527643944754,44.86534157291301]}"
938,36,135,140,"{""type"":""Point"",""coordinates"":[20.51108388804868,44.73382394805263]}"
939,85,169,75,"{""type"":""Point"",""coordinates"":[20.285534493344322,44.83990129130074]}"
940,250,143,38,"{""type"":""Point"",""coordinates"":[20.481691415947278,44.81848037388015]}"
941,68,183,133,"{""type"":""Point"",""coordinates"":[20.33172174544567,44.732271228117206]}"
942,31,153,137,"{""type"":""Point"",""coordinates"":[20.31204312391778,44.87886546259305]}"
943,117,114,10,"{""type"":""Point"",""coordinates"":[20.494053060033398,44.77889705834568]}"
944,47,123,106,"{""type"":""Point"",""coordinates"":[20.446512201809245,44.73588094433137]}"
945,36,135,141,"{""type"":""Point"",""coordinates"":[20.30638449863302,44.739444300347714]}"
946,217,215,38,"{""type"":""Point"",""coordinates"":[20.50475608255912,44.84701641688444]}"
947,54,96,140,"{""type"":""Point"",""coordinates"":[20.544536652229507,44.78153577357866]}"
948,69,1,84,"{""type"":""Point"",""coordinates"":[20.54574832321049,44.838186813869484]}"
949,164,153,12,"{""type"":""Point"",""coordinates"":[20.357462463063957,44.84978504961942]}"
950,36,135,141,"{""type"":""Point"",""coordinates"":[20.298242420865215,44.86826148071956]}"
951,225,215,30,"{""type"":""Point"",""coordinates"":[20.458231517664835,44.87350090339409]}"
952,67,154,144,"{""type"":""Point"",""coordinates"":[20.547863895384616,44.840923408737716]}"
953,36,132,142,"{""type"":""Point"",""coordinates"":[20.39440406967227,44.75869544122549]}"
954,42,116,141,"{""type"":""Point"",""coordinates"":[20.557399748066874,44.887913549933295]}"
955,69,1,84,"{""type"":""Point"",""coordinates"":[20.571056805864544,44.84970433488687]}"
956,39,117,139,"{""type"":""Point"",""coordinates"":[20.28017099674601,44.7511034674536]}"
957,108,61,39,"{""type"":""Point"",""coordinates"":[20.388491836225363,44.782326879863625]}"
958,222,213,23,"{""type"":""Point"",""coordinates"":[20.464907419203627,44.79393402587501]}"
959,36,135,141,"{""type"":""Point"",""coordinates"":[20.41455434071417,44.864924536673094]}"
960,227,212,39,"{""type"":""Point"",""coordinates"":[20.42586991506325,44.83640155420824]}"
961,44,51,97,"{""type"":""Point"",""coordinates"":[20.40478359001181,44.85730250366114]}"
962,112,202,78,"{""type"":""Point"",""coordinates"":[20.31145623347156,44.83224981233169]}"
963,178,166,27,"{""type"":""Point"",""coordinates"":[20.460562898907114,44.78953418548363]}"
964,32,137,138,"{""type"":""Point"",""coordinates"":[20.562900469481843,44.85679044418973]}"
965,37,172,131,"{""type"":""Point"",""coordinates"":[20.38808826314827,44.788089414330514]}"
966,36,135,141,"{""type"":""Point"",""coordinates"":[20.309940259621644,44.76869075734353]}"
967,112,188,97,"{""type"":""Point"",""coordinates"":[20.46936489445688,44.76664863316151]}"
968,36,135,142,"{""type"":""Point"",""coordinates"":[20.432450114468374,44.87821180132912]}"
969,111,158,35,"{""type"":""Point"",""coordinates"":[20.496180240575566,44.773522648022045]}"
970,163,151,19,"{""type"":""Point"",""coordinates"":[20.351013941343545,44.805803674154824]}"
971,35,136,141,"{""type"":""Point"",""coordinates"":[20.37263350772005,44.74711769700934]}"
972,31,152,137,"{""type"":""Point"",""coordinates"":[20.31938606427369,44.80325085821428]}"
973,66,146,56,"{""type"":""Point"",""coordinates"":[20.41869934367799,44.736739570083756]}"
974,34,136,140,"{""type"":""Point"",""coordinates"":[20.565756960360662,44.858422396979655]}"
975,37,134,143,"{""type"":""Point"",""coordinates"":[20.300122217713533,44.74591026871425]}"
976,78,1,87,"{""type"":""Point"",""coordinates"":[20.54007952605992,44.82471508341722]}"
977,74,161,65,"{""type"":""Point"",""coordinates"":[20.459478094435003,44.7721101266114]}"
978,34,137,139,"{""type"":""Point"",""coordinates"":[20.503764060929267,44.87951739029425]}"
979,36,135,141,"{""type"":""Point"",""coordinates"":[20.300811130913644,44.868302818978016]}"
980,36,135,141,"{""type"":""Point"",""coordinates"":[20.36755078891743,44.743539768445345]}"
981,36,135,141,"{""type"":""Point"",""coordinates"":[20.452857195456023,44.845066384950435]}"
982,151,220,61,"{""type"":""Point"",""coordinates"":[20.433091832699482,44.74106402218168]}"
983,36,135,141,"{""type"":""Point"",""coordinates"":[20.28857890810518,44.733899746449694]}"
984,35,136,141,"{""type"":""Point"",""coordinates"":[20.47365210984112,44.84032048339879]}"
985,251,141,42,"{""type"":""Point"",""coordinates"":[20.455220658922112,44.805667420342786]}"
986,64,188,115,"{""type"":""Point"",""coordinates"":[20.394870933903274,44.78718090704886]}"
987,35,136,141,"{""type"":""Point"",""coordinates"":[20.570497038656594,44.86727879987027]}"
988,36,135,141,"{""type"":""Point"",""coordinates"":[20.478866172462183,44.88919448867004]}"
989,39,140,80,"{""type"":""Point"",""coordinates"":[20.523857717147756,44.7870072387821]}"
990,36,135,141,"{""type"":""Point"",""coordinates"":[20.34368138112601,44.82892633439991]}"
991,165,219,47,"{""type"":""Point"",""coordinates"":[20.49495263547838,44.84391753852406]}"
992,151,216,64,"{""type"":""Point"",""coordinates"":[20.447492474587364,44.89033777348992]}"
993,39,170,128,"{""type"":""Point"",""coordinates"":[20.53968428346103,44.7496669617409]}"
994,225,215,31,"{""type"":""Point"",""coordinates"":[20.39525834212974,44.79583949410097]}"
995,102,54,44,"{""type"":""Point"",""coordinates"":[20.419156960404315,44.84272520086488]}"
996,151,216,64,"{""type"":""Point"",""coordinates"":[20.448517020464514,44.8720875786006]}"
997,213,216,54,"{""type"":""Point"",""coordinates"":[20.463595795411525,44.781676391776585]}"
998,35,151,140,"{""type"":""Point"",""coordinates"":[20.44242716150976,44.763546854903375]}"
999,38,136,128,"{""type"":""Point"",""coordinates"":[20.285918893484602,44.82766990766148]}"
